n,m,POBLACION,GENERACION,CROSSOVER,MUTACION,NL-LD
10,1,100,100,0.01,0.001,1.17323	
10,1,100,100,0.01,0.0033,1.17518	
10,1,100,100,0.01,0.01,1.17518	
10,1,100,100,0.01,0.033,1.17427	
10,1,100,100,0.01,0.1,1.17128	
10,1,100,100,0.01,0.33,1.17232	
10,1,100,100,0.033,0.001,1.17024	
10,1,100,100,0.033,0.0033,1.16724	
10,1,100,100,0.033,0.01,1.17726	
10,1,100,100,0.033,0.033,1.16828	
10,1,100,100,0.033,0.1,1.16816	
10,1,100,100,0.033,0.33,1.16816	
10,1,100,100,0.1,0.001,1.16828	
10,1,100,100,0.1,0.0033,1.1662	
10,1,100,100,0.1,0.01,1.1662	
10,1,100,100,0.1,0.033,1.17024	
10,1,100,100,0.1,0.1,1.16724	
10,1,100,100,0.1,0.33,1.1692	
10,1,100,100,0.3,0.001,1.16724	
10,1,100,100,0.3,0.0033,1.16724	
10,1,100,100,0.3,0.01,1.16828	
10,1,100,100,0.3,0.033,1.16737	
10,1,100,100,0.3,0.1,1.17219	
10,1,100,100,0.3,0.33,1.16724	
10,1,100,100,0.9,0.001,1.16828	
10,1,100,100,0.9,0.0033,1.16724	
10,1,100,100,0.9,0.01,1.16633	
10,1,100,100,0.9,0.033,1.16425	
10,1,100,100,0.9,0.1,1.16517	
10,1,100,100,0.9,0.33,1.16529	
10,1,100,1000,0.01,0.001,1.18025	
10,1,100,1000,0.01,0.0033,1.17921	
10,1,100,1000,0.01,0.01,1.17531	
10,1,100,1000,0.01,0.033,1.18129	
10,1,100,1000,0.01,0.1,1.17726	
10,1,100,1000,0.01,0.33,1.17726	
10,1,100,1000,0.033,0.001,1.17323	
10,1,100,1000,0.033,0.0033,1.17518	
10,1,100,1000,0.033,0.01,1.17518	
10,1,100,1000,0.033,0.033,1.17818	
10,1,100,1000,0.033,0.1,1.17427	
10,1,100,1000,0.033,0.33,1.17219	
10,1,100,1000,0.1,0.001,1.17024	
10,1,100,1000,0.1,0.0033,1.17024	
10,1,100,1000,0.1,0.01,1.17024	
10,1,100,1000,0.1,0.033,1.1692	
10,1,100,1000,0.1,0.1,1.17128	
10,1,100,1000,0.1,0.33,1.17219	
10,1,100,1000,0.3,0.001,1.1692	
10,1,100,1000,0.3,0.0033,1.1692	
10,1,100,1000,0.3,0.01,1.17336	
10,1,100,1000,0.3,0.033,1.17024	
10,1,100,1000,0.3,0.1,1.17024	
10,1,100,1000,0.3,0.33,1.17232	
10,1,100,1000,0.9,0.001,1.17219	
10,1,100,1000,0.9,0.0033,1.17128	
10,1,100,1000,0.9,0.01,1.1692	
10,1,100,1000,0.9,0.033,1.17024	
10,1,100,1000,0.9,0.1,1.17128	
10,1,100,1000,0.9,0.33,1.17024	
10,1,100,33,0.01,0.001,1.17128	
10,1,100,33,0.01,0.0033,1.16828	
10,1,100,33,0.01,0.01,1.1692	
10,1,100,33,0.01,0.033,1.16816	
10,1,100,33,0.01,0.1,1.16724	
10,1,100,33,0.01,0.33,1.16529	
10,1,100,33,0.033,0.001,1.16724	
10,1,100,33,0.033,0.0033,1.16633	
10,1,100,33,0.033,0.01,1.16724	
10,1,100,33,0.033,0.033,1.16828	
10,1,100,33,0.033,0.1,1.1662	
10,1,100,33,0.033,0.33,1.16529	
10,1,100,33,0.1,0.001,1.16425	
10,1,100,33,0.1,0.0033,1.16828	
10,1,100,33,0.1,0.01,1.1623	
10,1,100,33,0.1,0.033,1.16816	
10,1,100,33,0.1,0.1,1.1662	
10,1,100,33,0.1,0.33,1.1731	
10,1,100,33,0.3,0.001,1.1662	
10,1,100,33,0.3,0.0033,1.16529	
10,1,100,33,0.3,0.01,1.16529	
10,1,100,33,0.3,0.033,1.16828	
10,1,100,33,0.3,0.1,1.16828	
10,1,100,33,0.3,0.33,1.1662	
10,1,100,33,0.9,0.001,1.16425	
10,1,100,33,0.9,0.0033,1.1662	
10,1,100,33,0.9,0.01,1.16724	
10,1,100,33,0.9,0.033,1.16828	
10,1,100,33,0.9,0.1,1.16529	
10,1,100,33,0.9,0.33,1.16529	
10,1,100,330,0.01,0.001,1.17622	
10,1,100,330,0.01,0.0033,1.17921	
10,1,100,330,0.01,0.01,1.17622	
10,1,100,330,0.01,0.033,1.17531	
10,1,100,330,0.01,0.1,1.18025	
10,1,100,330,0.01,0.33,1.17622	
10,1,100,330,0.033,0.001,1.17024	
10,1,100,330,0.033,0.0033,1.17531	
10,1,100,330,0.033,0.01,1.17232	
10,1,100,330,0.033,0.033,1.17128	
10,1,100,330,0.033,0.1,1.1692	
10,1,100,330,0.033,0.33,1.17024	
10,1,100,330,0.1,0.001,1.16828	
10,1,100,330,0.1,0.0033,1.16724	
10,1,100,330,0.1,0.01,1.16828	
10,1,100,330,0.1,0.033,1.17726	
10,1,100,330,0.1,0.1,1.17024	
10,1,100,330,0.1,0.33,1.16816	
10,1,100,330,0.3,0.001,1.16828	
10,1,100,330,0.3,0.0033,1.17115	
10,1,100,330,0.3,0.01,1.16828	
10,1,100,330,0.3,0.033,1.17024	
10,1,100,330,0.3,0.1,1.16828	
10,1,100,330,0.3,0.33,1.16932	
10,1,100,330,0.9,0.001,1.16828	
10,1,100,330,0.9,0.0033,1.17024	
10,1,100,330,0.9,0.01,1.1692	
10,1,100,330,0.9,0.033,1.16828	
10,1,100,330,0.9,0.1,1.16828	
10,1,100,330,0.9,0.33,1.16828	
10,1,1000,100,0.01,0.001,1.17518	
10,1,1000,100,0.01,0.0033,1.17518	
10,1,1000,100,0.01,0.01,1.17921	
10,1,1000,100,0.01,0.033,1.17726	
10,1,1000,100,0.01,0.1,1.17024	
10,1,1000,100,0.01,0.33,1.17219	
10,1,1000,100,0.033,0.001,1.17024	
10,1,1000,100,0.033,0.0033,1.17128	
10,1,1000,100,0.033,0.01,1.17427	
10,1,1000,100,0.033,0.033,1.17128	
10,1,1000,100,0.033,0.1,1.17323	
10,1,1000,100,0.033,0.33,1.16828	
10,1,1000,100,0.1,0.001,1.17024	
10,1,1000,100,0.1,0.0033,1.1692	
10,1,1000,100,0.1,0.01,1.1692	
10,1,1000,100,0.1,0.033,1.17128	
10,1,1000,100,0.1,0.1,1.17024	
10,1,1000,100,0.1,0.33,1.17024	
10,1,1000,100,0.3,0.001,1.16932	
10,1,1000,100,0.3,0.0033,1.17232	
10,1,1000,100,0.3,0.01,1.1692	
10,1,1000,100,0.3,0.033,1.1692	
10,1,1000,100,0.3,0.1,1.1692	
10,1,1000,100,0.3,0.33,1.17128	
10,1,1000,100,0.9,0.001,1.17024	
10,1,1000,100,0.9,0.0033,1.17115	
10,1,1000,100,0.9,0.01,1.17024	
10,1,1000,100,0.9,0.033,1.17128	
10,1,1000,100,0.9,0.1,1.17024	
10,1,1000,100,0.9,0.33,1.17024	
10,1,1000,1000,0.01,0.001,1.17622	
10,1,1000,1000,0.01,0.0033,1.18221	
10,1,1000,1000,0.01,0.01,1.17726	
10,1,1000,1000,0.01,0.033,1.18025	
10,1,1000,1000,0.01,0.1,1.17622	
10,1,1000,1000,0.01,0.33,1.17921	
10,1,1000,1000,0.033,0.001,1.17531	
10,1,1000,1000,0.033,0.0033,1.17427	
10,1,1000,1000,0.033,0.01,1.17323	
10,1,1000,1000,0.033,0.033,1.17323	
10,1,1000,1000,0.033,0.1,1.17323	
10,1,1000,1000,0.033,0.33,1.17232	
10,1,1000,1000,0.1,0.001,1.17232	
10,1,1000,1000,0.1,0.0033,1.17323	
10,1,1000,1000,0.1,0.01,1.17219	
10,1,1000,1000,0.1,0.033,1.17336	
10,1,1000,1000,0.1,0.1,1.17128	
10,1,1000,1000,0.1,0.33,1.17622	
10,1,1000,1000,0.3,0.001,1.17323	
10,1,1000,1000,0.3,0.0033,1.17726	
10,1,1000,1000,0.3,0.01,1.17232	
10,1,1000,1000,0.3,0.033,1.17323	
10,1,1000,1000,0.3,0.1,1.17414	
10,1,1000,1000,0.3,0.33,1.17219	
10,1,1000,1000,0.9,0.001,1.17323	
10,1,1000,1000,0.9,0.0033,1.17323	
10,1,1000,1000,0.9,0.01,1.17323	
10,1,1000,1000,0.9,0.033,1.17323	
10,1,1000,1000,0.9,0.1,1.17726	
10,1,1000,1000,0.9,0.33,1.17323	
10,1,1000,33,0.01,0.001,1.17323	
10,1,1000,33,0.01,0.0033,1.17232	
10,1,1000,33,0.01,0.01,1.17622	
10,1,1000,33,0.01,0.033,1.17024	
10,1,1000,33,0.01,0.1,1.17427	
10,1,1000,33,0.01,0.33,1.17115	
10,1,1000,33,0.033,0.001,1.17024	
10,1,1000,33,0.033,0.0033,1.17024	
10,1,1000,33,0.033,0.01,1.1692	
10,1,1000,33,0.033,0.033,1.17024	
10,1,1000,33,0.033,0.1,1.17219	
10,1,1000,33,0.033,0.33,1.17232	
10,1,1000,33,0.1,0.001,1.17024	
10,1,1000,33,0.1,0.0033,1.16932	
10,1,1000,33,0.1,0.01,1.1692	
10,1,1000,33,0.1,0.033,1.16816	
10,1,1000,33,0.1,0.1,1.16828	
10,1,1000,33,0.1,0.33,1.1692	
10,1,1000,33,0.3,0.001,1.16828	
10,1,1000,33,0.3,0.0033,1.16828	
10,1,1000,33,0.3,0.01,1.16932	
10,1,1000,33,0.3,0.033,1.17024	
10,1,1000,33,0.3,0.1,1.17024	
10,1,1000,33,0.3,0.33,1.1692	
10,1,1000,33,0.9,0.001,1.17115	
10,1,1000,33,0.9,0.0033,1.1692	
10,1,1000,33,0.9,0.01,1.16828	
10,1,1000,33,0.9,0.033,1.17128	
10,1,1000,33,0.9,0.1,1.1692	
10,1,1000,33,0.9,0.33,1.1692	
10,1,1000,330,0.01,0.001,1.17622	
10,1,1000,330,0.01,0.0033,1.17427	
10,1,1000,330,0.01,0.01,1.17726	
10,1,1000,330,0.01,0.033,1.17921	
10,1,1000,330,0.01,0.1,1.17622	
10,1,1000,330,0.01,0.33,1.1783	
10,1,1000,330,0.033,0.001,1.17323	
10,1,1000,330,0.033,0.0033,1.17115	
10,1,1000,330,0.033,0.01,1.17518	
10,1,1000,330,0.033,0.033,1.17323	
10,1,1000,330,0.033,0.1,1.17128	
10,1,1000,330,0.033,0.33,1.17219	
10,1,1000,330,0.1,0.001,1.17323	
10,1,1000,330,0.1,0.0033,1.17323	
10,1,1000,330,0.1,0.01,1.17128	
10,1,1000,330,0.1,0.033,1.17115	
10,1,1000,330,0.1,0.1,1.17219	
10,1,1000,330,0.1,0.33,1.17219	
10,1,1000,330,0.3,0.001,1.17323	
10,1,1000,330,0.3,0.0033,1.17128	
10,1,1000,330,0.3,0.01,1.17232	
10,1,1000,330,0.3,0.033,1.17219	
10,1,1000,330,0.3,0.1,1.17128	
10,1,1000,330,0.3,0.33,1.17219	
10,1,1000,330,0.9,0.001,1.17128	
10,1,1000,330,0.9,0.0033,1.17219	
10,1,1000,330,0.9,0.01,1.17427	
10,1,1000,330,0.9,0.033,1.17323	
10,1,1000,330,0.9,0.1,1.17128	
10,1,1000,330,0.9,0.33,1.17024	
10,1,330,100,0.01,0.001,1.17323	
10,1,330,100,0.01,0.0033,1.17219	
10,1,330,100,0.01,0.01,1.17323	
10,1,330,100,0.01,0.033,1.17128	
10,1,330,100,0.01,0.1,1.17427	
10,1,330,100,0.01,0.33,1.17622	
10,1,330,100,0.033,0.001,1.17323	
10,1,330,100,0.033,0.0033,1.17427	
10,1,330,100,0.033,0.01,1.17427	
10,1,330,100,0.033,0.033,1.16932	
10,1,330,100,0.033,0.1,1.16828	
10,1,330,100,0.033,0.33,1.17024	
10,1,330,100,0.1,0.001,1.16828	
10,1,330,100,0.1,0.0033,1.17024	
10,1,330,100,0.1,0.01,1.17128	
10,1,330,100,0.1,0.033,1.17024	
10,1,330,100,0.1,0.1,1.17323	
10,1,330,100,0.1,0.33,1.16932	
10,1,330,100,0.3,0.001,1.17115	
10,1,330,100,0.3,0.0033,1.16724	
10,1,330,100,0.3,0.01,1.17024	
10,1,330,100,0.3,0.033,1.17024	
10,1,330,100,0.3,0.1,1.1692	
10,1,330,100,0.3,0.33,1.17024	
10,1,330,100,0.9,0.001,1.17128	
10,1,330,100,0.9,0.0033,1.16724	
10,1,330,100,0.9,0.01,1.16816	
10,1,330,100,0.9,0.033,1.17024	
10,1,330,100,0.9,0.1,1.16828	
10,1,330,100,0.9,0.33,1.16724	
10,1,330,1000,0.01,0.001,1.18025	
10,1,330,1000,0.01,0.0033,1.17921	
10,1,330,1000,0.01,0.01,1.18221	
10,1,330,1000,0.01,0.033,1.17921	
10,1,330,1000,0.01,0.1,1.18025	
10,1,330,1000,0.01,0.33,1.18416	
10,1,330,1000,0.033,0.001,1.17518	
10,1,330,1000,0.033,0.0033,1.17818	
10,1,330,1000,0.033,0.01,1.17323	
10,1,330,1000,0.033,0.033,1.17427	
10,1,330,1000,0.033,0.1,1.17336	
10,1,330,1000,0.033,0.33,1.17219	
10,1,330,1000,0.1,0.001,1.17518	
10,1,330,1000,0.1,0.0033,1.17024	
10,1,330,1000,0.1,0.01,1.17232	
10,1,330,1000,0.1,0.033,1.17518	
10,1,330,1000,0.1,0.1,1.17323	
10,1,330,1000,0.1,0.33,1.17128	
10,1,330,1000,0.3,0.001,1.17323	
10,1,330,1000,0.3,0.0033,1.17128	
10,1,330,1000,0.3,0.01,1.17115	
10,1,330,1000,0.3,0.033,1.17128	
10,1,330,1000,0.3,0.1,1.17427	
10,1,330,1000,0.3,0.33,1.17036	
10,1,330,1000,0.9,0.001,1.17518	
10,1,330,1000,0.9,0.0033,1.17323	
10,1,330,1000,0.9,0.01,1.17024	
10,1,330,1000,0.9,0.033,1.17219	
10,1,330,1000,0.9,0.1,1.17219	
10,1,330,1000,0.9,0.33,1.17128	
10,1,330,33,0.01,0.001,1.16737	
10,1,330,33,0.01,0.0033,1.17726	
10,1,330,33,0.01,0.01,1.17128	
10,1,330,33,0.01,0.033,1.1692	
10,1,330,33,0.01,0.1,1.17219	
10,1,330,33,0.01,0.33,1.17024	
10,1,330,33,0.033,0.001,1.16907	
10,1,330,33,0.033,0.0033,1.16828	
10,1,330,33,0.033,0.01,1.16724	
10,1,330,33,0.033,0.033,1.1692	
10,1,330,33,0.033,0.1,1.17024	
10,1,330,33,0.033,0.33,1.16828	
10,1,330,33,0.1,0.001,1.16737	
10,1,330,33,0.1,0.0033,1.16633	
10,1,330,33,0.1,0.01,1.16724	
10,1,330,33,0.1,0.033,1.16828	
10,1,330,33,0.1,0.1,1.16737	
10,1,330,33,0.1,0.33,1.1692	
10,1,330,33,0.3,0.001,1.16828	
10,1,330,33,0.3,0.0033,1.16737	
10,1,330,33,0.3,0.01,1.16724	
10,1,330,33,0.3,0.033,1.16724	
10,1,330,33,0.3,0.1,1.16724	
10,1,330,33,0.3,0.33,1.16529	
10,1,330,33,0.9,0.001,1.16633	
10,1,330,33,0.9,0.0033,1.16932	
10,1,330,33,0.9,0.01,1.17024	
10,1,330,33,0.9,0.033,1.1662	
10,1,330,33,0.9,0.1,1.17024	
10,1,330,33,0.9,0.33,1.16529	
10,1,330,330,0.01,0.001,1.17818	
10,1,330,330,0.01,0.0033,1.17818	
10,1,330,330,0.01,0.01,1.17323	
10,1,330,330,0.01,0.033,1.17427	
10,1,330,330,0.01,0.1,1.17518	
10,1,330,330,0.01,0.33,1.17622	
10,1,330,330,0.033,0.001,1.17232	
10,1,330,330,0.033,0.0033,1.17518	
10,1,330,330,0.033,0.01,1.17427	
10,1,330,330,0.033,0.033,1.17128	
10,1,330,330,0.033,0.1,1.17219	
10,1,330,330,0.033,0.33,1.17024	
10,1,330,330,0.1,0.001,1.17024	
10,1,330,330,0.1,0.0033,1.17622	
10,1,330,330,0.1,0.01,1.16932	
10,1,330,330,0.1,0.033,1.17427	
10,1,330,330,0.1,0.1,1.17219	
10,1,330,330,0.1,0.33,1.17323	
10,1,330,330,0.3,0.001,1.17024	
10,1,330,330,0.3,0.0033,1.17427	
10,1,330,330,0.3,0.01,1.17128	
10,1,330,330,0.3,0.033,1.17036	
10,1,330,330,0.3,0.1,1.17024	
10,1,330,330,0.3,0.33,1.17024	
10,1,330,330,0.9,0.001,1.17128	
10,1,330,330,0.9,0.0033,1.17024	
10,1,330,330,0.9,0.01,1.17115	
10,1,330,330,0.9,0.033,1.1692	
10,1,330,330,0.9,0.1,1.17024	
10,1,330,330,0.9,0.33,1.17128	
10,1,3300,100,0.01,0.001,1.17427	
10,1,3300,100,0.01,0.0033,1.17219	
10,1,3300,100,0.01,0.01,1.17518	
10,1,3300,100,0.01,0.033,1.17232	
10,1,3300,100,0.01,0.1,1.17323	
10,1,3300,100,0.01,0.33,1.17427	
10,1,3300,100,0.033,0.001,1.17323	
10,1,3300,100,0.033,0.0033,1.17128	
10,1,3300,100,0.033,0.01,1.17427	
10,1,3300,100,0.033,0.033,1.17518	
10,1,3300,100,0.033,0.1,1.17323	
10,1,3300,100,0.033,0.33,1.17024	
10,1,3300,100,0.1,0.001,1.17323	
10,1,3300,100,0.1,0.0033,1.17128	
10,1,3300,100,0.1,0.01,1.17128	
10,1,3300,100,0.1,0.033,1.17128	
10,1,3300,100,0.1,0.1,1.17036	
10,1,3300,100,0.1,0.33,1.17128	
10,1,3300,100,0.3,0.001,1.17427	
10,1,3300,100,0.3,0.0033,1.17219	
10,1,3300,100,0.3,0.01,1.17219	
10,1,3300,100,0.3,0.033,1.17518	
10,1,3300,100,0.3,0.1,1.17232	
10,1,3300,100,0.3,0.33,1.17128	
10,1,3300,100,0.9,0.001,1.17128	
10,1,3300,100,0.9,0.0033,1.17518	
10,1,3300,100,0.9,0.01,1.17128	
10,1,3300,100,0.9,0.033,1.17323	
10,1,3300,100,0.9,0.1,1.17115	
10,1,3300,100,0.9,0.33,1.17323	
10,1,3300,1000,0.033,0.1,1.17818	
10,1,3300,1000,0.033,0.33,1.17622	
10,1,3300,1000,0.1,0.001,1.17622	
10,1,3300,1000,0.1,0.0033,1.17323	
10,1,3300,1000,0.1,0.01,1.17427	
10,1,3300,1000,0.1,0.033,1.17726	
10,1,3300,1000,0.1,0.1,1.17427	
10,1,3300,1000,0.1,0.33,1.17323	
10,1,3300,1000,0.3,0.001,1.17323	
10,1,3300,1000,0.3,0.0033,1.17622	
10,1,3300,1000,0.3,0.01,1.17531	
10,1,3300,1000,0.3,0.033,1.17427	
10,1,3300,1000,0.3,0.1,1.17427	
10,1,3300,1000,0.3,0.33,1.17414	
10,1,3300,1000,0.9,0.001,1.17531	
10,1,3300,1000,0.9,0.0033,1.17427	
10,1,3300,1000,0.9,0.01,1.17427	
10,1,3300,1000,0.9,0.033,1.17323	
10,1,3300,1000,0.9,0.1,1.17714	
10,1,3300,1000,0.9,0.33,1.17232	
10,1,3300,33,0.01,0.001,1.17518	
10,1,3300,33,0.01,0.0033,1.17219	
10,1,3300,33,0.01,0.01,1.17518	
10,1,3300,33,0.01,0.033,1.17323	
10,1,3300,33,0.01,0.1,1.17115	
10,1,3300,33,0.01,0.33,1.17232	
10,1,3300,33,0.033,0.001,1.17115	
10,1,3300,33,0.033,0.0033,1.17024	
10,1,3300,33,0.033,0.01,1.17414	
10,1,3300,33,0.033,0.033,1.17219	
10,1,3300,33,0.033,0.1,1.17518	
10,1,3300,33,0.033,0.33,1.17115	
10,1,3300,33,0.1,0.001,1.17128	
10,1,3300,33,0.1,0.0033,1.17024	
10,1,3300,33,0.1,0.01,1.17128	
10,1,3300,33,0.1,0.033,1.17024	
10,1,3300,33,0.1,0.1,1.1692	
10,1,3300,33,0.1,0.33,1.17128	
10,1,3300,33,0.3,0.001,1.17024	
10,1,3300,33,0.3,0.0033,1.17024	
10,1,3300,33,0.3,0.01,1.17323	
10,1,3300,33,0.3,0.033,1.17128	
10,1,3300,33,0.3,0.1,1.17128	
10,1,3300,33,0.3,0.33,1.17024	
10,1,3300,33,0.9,0.001,1.17024	
10,1,3300,33,0.9,0.0033,1.17024	
10,1,3300,33,0.9,0.01,1.16932	
10,1,3300,33,0.9,0.033,1.17024	
10,1,3300,33,0.9,0.1,1.17128	
10,1,3300,33,0.9,0.33,1.17024	
10,1,3300,330,0.01,0.001,1.18025	
10,1,3300,330,0.01,0.0033,1.17622	
10,1,3300,330,0.01,0.01,1.17635	
10,1,3300,330,0.01,0.033,1.18129	
10,1,3300,330,0.01,0.1,1.17531	
10,1,3300,330,0.01,0.33,1.17818	
10,1,3300,330,0.033,0.001,1.17427	
10,1,3300,330,0.033,0.0033,1.17726	
10,1,3300,330,0.033,0.01,1.17232	
10,1,3300,330,0.033,0.033,1.17323	
10,1,3300,330,0.033,0.1,1.17531	
10,1,3300,330,0.033,0.33,1.17323	
10,1,3300,330,0.1,0.001,1.17219	
10,1,3300,330,0.1,0.0033,1.17323	
10,1,3300,330,0.1,0.01,1.17323	
10,1,3300,330,0.1,0.033,1.17323	
10,1,3300,330,0.1,0.1,1.17518	
10,1,3300,330,0.1,0.33,1.17622	
10,1,3300,330,0.3,0.001,1.17219	
10,1,3300,330,0.3,0.0033,1.17622	
10,1,3300,330,0.3,0.01,1.17531	
10,1,3300,330,0.3,0.033,1.17427	
10,1,3300,330,0.3,0.1,1.17414	
10,1,3300,330,0.3,0.33,1.17323	
10,1,3300,330,0.9,0.001,1.17323	
10,1,3300,330,0.9,0.0033,1.17323	
10,1,3300,330,0.9,0.01,1.17323	
10,1,3300,330,0.9,0.033,1.17323	
10,1,3300,330,0.9,0.1,1.17323	
10,1,3300,330,0.9,0.33,1.17323	
11,1,100,100,0.01,0.001,1.19386	
11,1,100,100,0.01,0.0033,1.19186	
11,1,100,100,0.01,0.01,1.19335	
11,1,100,100,0.01,0.033,1.1934	
11,1,100,100,0.01,0.1,1.19587	
11,1,100,100,0.01,0.33,1.19294	
11,1,100,100,0.033,0.001,1.19139	
11,1,100,100,0.033,0.0033,1.19036	
11,1,100,100,0.033,0.01,1.19237	
11,1,100,100,0.033,0.033,1.19042	
11,1,100,100,0.033,0.1,1.18944	
11,1,100,100,0.033,0.33,1.19093	
11,1,100,100,0.1,0.001,1.19191	
11,1,100,100,0.1,0.0033,1.1899	
11,1,100,100,0.1,0.01,1.19088	
11,1,100,100,0.1,0.033,1.19237	
11,1,100,100,0.1,0.1,1.19237	
11,1,100,100,0.1,0.33,1.1899	
11,1,100,100,0.3,0.001,1.18944	
11,1,100,100,0.3,0.0033,1.19243	
11,1,100,100,0.3,0.01,1.19134	
11,1,100,100,0.3,0.033,1.18887	
11,1,100,100,0.3,0.1,1.19386	
11,1,100,100,0.3,0.33,1.19128	
11,1,100,100,0.9,0.001,1.1899	
11,1,100,100,0.9,0.0033,1.18784	
11,1,100,100,0.9,0.01,1.19139	
11,1,100,100,0.9,0.033,1.18887	
11,1,100,100,0.9,0.1,1.18985	
11,1,100,100,0.9,0.33,1.19036	
11,1,100,1000,0.01,0.001,1.19937	
11,1,100,1000,0.01,0.0033,1.19731	
11,1,100,1000,0.01,0.01,1.19782	
11,1,100,1000,0.01,0.033,1.19983	
11,1,100,1000,0.01,0.1,1.19782	
11,1,100,1000,0.01,0.33,1.19685	
11,1,100,1000,0.033,0.001,1.19536	
11,1,100,1000,0.033,0.0033,1.1934	
11,1,100,1000,0.033,0.01,1.19386	
11,1,100,1000,0.033,0.033,1.19685	
11,1,100,1000,0.033,0.1,1.19237	
11,1,100,1000,0.033,0.33,1.19536	
11,1,100,1000,0.1,0.001,1.19186	
11,1,100,1000,0.1,0.0033,1.19489	
11,1,100,1000,0.1,0.01,1.19191	
11,1,100,1000,0.1,0.033,1.19283	
11,1,100,1000,0.1,0.1,1.19232	
11,1,100,1000,0.1,0.33,1.19289	
11,1,100,1000,0.3,0.001,1.19237	
11,1,100,1000,0.3,0.0033,1.19139	
11,1,100,1000,0.3,0.01,1.19139	
11,1,100,1000,0.3,0.033,1.19191	
11,1,100,1000,0.3,0.1,1.19237	
11,1,100,1000,0.3,0.33,1.19283	
11,1,100,1000,0.9,0.001,1.19237	
11,1,100,1000,0.9,0.0033,1.19237	
11,1,100,1000,0.9,0.01,1.19088	
11,1,100,1000,0.9,0.033,1.19237	
11,1,100,1000,0.9,0.1,1.19237	
11,1,100,1000,0.9,0.33,1.19237	
11,1,100,33,0.01,0.001,1.19139	
11,1,100,33,0.01,0.0033,1.19484	
11,1,100,33,0.01,0.01,1.18944	
11,1,100,33,0.01,0.033,1.18944	
11,1,100,33,0.01,0.1,1.19042	
11,1,100,33,0.01,0.33,1.19088	
11,1,100,33,0.033,0.001,1.19088	
11,1,100,33,0.033,0.0033,1.19237	
11,1,100,33,0.033,0.01,1.18996	
11,1,100,33,0.033,0.033,1.18789	
11,1,100,33,0.033,0.1,1.18835	
11,1,100,33,0.033,0.33,1.18985	
11,1,100,33,0.1,0.001,1.18841	
11,1,100,33,0.1,0.0033,1.19134	
11,1,100,33,0.1,0.01,1.18841	
11,1,100,33,0.1,0.033,1.18887	
11,1,100,33,0.1,0.1,1.19082	
11,1,100,33,0.1,0.33,1.19186	
11,1,100,33,0.3,0.001,1.18933	
11,1,100,33,0.3,0.0033,1.19134	
11,1,100,33,0.3,0.01,1.18893	
11,1,100,33,0.3,0.033,1.18738	
11,1,100,33,0.3,0.1,1.18939	
11,1,100,33,0.3,0.33,1.19031	
11,1,100,33,0.9,0.001,1.18944	
11,1,100,33,0.9,0.0033,1.18944	
11,1,100,33,0.9,0.01,1.19088	
11,1,100,33,0.9,0.033,1.18835	
11,1,100,33,0.9,0.1,1.18939	
11,1,100,33,0.9,0.33,1.18835	
11,1,100,330,0.01,0.001,1.19587	
11,1,100,330,0.01,0.0033,1.19489	
11,1,100,330,0.01,0.01,1.19484	
11,1,100,330,0.01,0.033,1.19639	
11,1,100,330,0.01,0.1,1.19639	
11,1,100,330,0.01,0.33,1.19582	
11,1,100,330,0.033,0.001,1.19186	
11,1,100,330,0.033,0.0033,1.19237	
11,1,100,330,0.033,0.01,1.19432	
11,1,100,330,0.033,0.033,1.19386	
11,1,100,330,0.033,0.1,1.19289	
11,1,100,330,0.033,0.33,1.19191	
11,1,100,330,0.1,0.001,1.19283	
11,1,100,330,0.1,0.0033,1.19042	
11,1,100,330,0.1,0.01,1.19232	
11,1,100,330,0.1,0.033,1.19134	
11,1,100,330,0.1,0.1,1.1899	
11,1,100,330,0.1,0.33,1.19191	
11,1,100,330,0.3,0.001,1.19186	
11,1,100,330,0.3,0.0033,1.19139	
11,1,100,330,0.3,0.01,1.19237	
11,1,100,330,0.3,0.033,1.19294	
11,1,100,330,0.3,0.1,1.19031	
11,1,100,330,0.3,0.33,1.19289	
11,1,100,330,0.9,0.001,1.19536	
11,1,100,330,0.9,0.0033,1.19191	
11,1,100,330,0.9,0.01,1.19289	
11,1,100,330,0.9,0.033,1.19145	
11,1,100,330,0.9,0.1,1.19134	
11,1,100,330,0.9,0.33,1.19036	
11,1,1000,100,0.01,0.001,1.19289	
11,1,1000,100,0.01,0.0033,1.19685	
11,1,1000,100,0.01,0.01,1.19536	
11,1,1000,100,0.01,0.033,1.19191	
11,1,1000,100,0.01,0.1,1.19685	
11,1,1000,100,0.01,0.33,1.19438	
11,1,1000,100,0.033,0.001,1.19536	
11,1,1000,100,0.033,0.0033,1.19386	
11,1,1000,100,0.033,0.01,1.1934	
11,1,1000,100,0.033,0.033,1.19329	
11,1,1000,100,0.033,0.1,1.19243	
11,1,1000,100,0.033,0.33,1.19186	
11,1,1000,100,0.1,0.001,1.19438	
11,1,1000,100,0.1,0.0033,1.19186	
11,1,1000,100,0.1,0.01,1.19186	
11,1,1000,100,0.1,0.033,1.19237	
11,1,1000,100,0.1,0.1,1.19237	
11,1,1000,100,0.1,0.33,1.19237	
11,1,1000,100,0.3,0.001,1.19191	
11,1,1000,100,0.3,0.0033,1.19289	
11,1,1000,100,0.3,0.01,1.19283	
11,1,1000,100,0.3,0.033,1.19145	
11,1,1000,100,0.3,0.1,1.19134	
11,1,1000,100,0.3,0.33,1.19289	
11,1,1000,100,0.9,0.001,1.19134	
11,1,1000,100,0.9,0.0033,1.19139	
11,1,1000,100,0.9,0.01,1.19082	
11,1,1000,100,0.9,0.033,1.19438	
11,1,1000,100,0.9,0.1,1.19237	
11,1,1000,100,0.9,0.33,1.19237	
11,1,1000,1000,0.01,0.001,1.19983	
11,1,1000,1000,0.01,0.0033,1.1969	
11,1,1000,1000,0.01,0.01,1.19731	
11,1,1000,1000,0.01,0.033,1.19782	
11,1,1000,1000,0.01,0.1,1.19731	
11,1,1000,1000,0.01,0.33,1.19731	
11,1,1000,1000,0.033,0.001,1.19633	
11,1,1000,1000,0.033,0.0033,1.19587	
11,1,1000,1000,0.033,0.01,1.19536	
11,1,1000,1000,0.033,0.033,1.19438	
11,1,1000,1000,0.033,0.1,1.19489	
11,1,1000,1000,0.033,0.33,1.19438	
11,1,1000,1000,0.1,0.001,1.19386	
11,1,1000,1000,0.1,0.0033,1.19484	
11,1,1000,1000,0.1,0.01,1.19432	
11,1,1000,1000,0.1,0.033,1.19484	
11,1,1000,1000,0.1,0.1,1.19381	
11,1,1000,1000,0.1,0.33,1.19335	
11,1,1000,1000,0.3,0.001,1.19386	
11,1,1000,1000,0.3,0.0033,1.19335	
11,1,1000,1000,0.3,0.01,1.19587	
11,1,1000,1000,0.3,0.033,1.19335	
11,1,1000,1000,0.3,0.1,1.1934	
11,1,1000,1000,0.3,0.33,1.19639	
11,1,1000,1000,0.9,0.001,1.19289	
11,1,1000,1000,0.9,0.0033,1.19335	
11,1,1000,1000,0.9,0.01,1.19639	
11,1,1000,1000,0.9,0.033,1.19386	
11,1,1000,1000,0.9,0.1,1.19386	
11,1,1000,1000,0.9,0.33,1.19484	
11,1,1000,33,0.01,0.001,1.19232	
11,1,1000,33,0.01,0.0033,1.19186	
11,1,1000,33,0.01,0.01,1.19134	
11,1,1000,33,0.01,0.033,1.19191	
11,1,1000,33,0.01,0.1,1.19237	
11,1,1000,33,0.01,0.33,1.19139	
11,1,1000,33,0.033,0.001,1.19237	
11,1,1000,33,0.033,0.0033,1.19191	
11,1,1000,33,0.033,0.01,1.19042	
11,1,1000,33,0.033,0.033,1.19289	
11,1,1000,33,0.033,0.1,1.19145	
11,1,1000,33,0.033,0.33,1.19134	
11,1,1000,33,0.1,0.001,1.19386	
11,1,1000,33,0.1,0.0033,1.19186	
11,1,1000,33,0.1,0.01,1.19186	
11,1,1000,33,0.1,0.033,1.19237	
11,1,1000,33,0.1,0.1,1.1899	
11,1,1000,33,0.1,0.33,1.19088	
11,1,1000,33,0.3,0.001,1.19036	
11,1,1000,33,0.3,0.0033,1.19186	
11,1,1000,33,0.3,0.01,1.18939	
11,1,1000,33,0.3,0.033,1.1899	
11,1,1000,33,0.3,0.1,1.19191	
11,1,1000,33,0.3,0.33,1.19186	
11,1,1000,33,0.9,0.001,1.19134	
11,1,1000,33,0.9,0.0033,1.19088	
11,1,1000,33,0.9,0.01,1.19042	
11,1,1000,33,0.9,0.033,1.19036	
11,1,1000,33,0.9,0.1,1.19237	
11,1,1000,33,0.9,0.33,1.19036	
11,1,1000,330,0.01,0.001,1.19536	
11,1,1000,330,0.01,0.0033,1.19639	
11,1,1000,330,0.01,0.01,1.19536	
11,1,1000,330,0.01,0.033,1.19489	
11,1,1000,330,0.01,0.1,1.19834	
11,1,1000,330,0.01,0.33,1.19289	
11,1,1000,330,0.033,0.001,1.19243	
11,1,1000,330,0.033,0.0033,1.19335	
11,1,1000,330,0.033,0.01,1.19536	
11,1,1000,330,0.033,0.033,1.19386	
11,1,1000,330,0.033,0.1,1.19289	
11,1,1000,330,0.033,0.33,1.19438	
11,1,1000,330,0.1,0.001,1.19237	
11,1,1000,330,0.1,0.0033,1.19386	
11,1,1000,330,0.1,0.01,1.19237	
11,1,1000,330,0.1,0.033,1.19392	
11,1,1000,330,0.1,0.1,1.19283	
11,1,1000,330,0.1,0.33,1.19237	
11,1,1000,330,0.3,0.001,1.19243	
11,1,1000,330,0.3,0.0033,1.19392	
11,1,1000,330,0.3,0.01,1.19335	
11,1,1000,330,0.3,0.033,1.19289	
11,1,1000,330,0.3,0.1,1.19289	
11,1,1000,330,0.3,0.33,1.19289	
11,1,1000,330,0.9,0.001,1.19381	
11,1,1000,330,0.9,0.0033,1.19243	
11,1,1000,330,0.9,0.01,1.19237	
11,1,1000,330,0.9,0.033,1.19335	
11,1,1000,330,0.9,0.1,1.19381	
11,1,1000,330,0.9,0.33,1.19283	
11,1,330,100,0.01,0.001,1.19386	
11,1,330,100,0.01,0.0033,1.19685	
11,1,330,100,0.01,0.01,1.19237	
11,1,330,100,0.01,0.033,1.19386	
11,1,330,100,0.01,0.1,1.19294	
11,1,330,100,0.01,0.33,1.19335	
11,1,330,100,0.033,0.001,1.1934	
11,1,330,100,0.033,0.0033,1.19186	
11,1,330,100,0.033,0.01,1.1934	
11,1,330,100,0.033,0.033,1.19186	
11,1,330,100,0.033,0.1,1.19139	
11,1,330,100,0.033,0.33,1.19134	
11,1,330,100,0.1,0.001,1.19093	
11,1,330,100,0.1,0.0033,1.19134	
11,1,330,100,0.1,0.01,1.19134	
11,1,330,100,0.1,0.033,1.19088	
11,1,330,100,0.1,0.1,1.1899	
11,1,330,100,0.1,0.33,1.19134	
11,1,330,100,0.3,0.001,1.19232	
11,1,330,100,0.3,0.0033,1.19139	
11,1,330,100,0.3,0.01,1.19283	
11,1,330,100,0.3,0.033,1.19139	
11,1,330,100,0.3,0.1,1.19134	
11,1,330,100,0.3,0.33,1.19186	
11,1,330,100,0.9,0.001,1.18985	
11,1,330,100,0.9,0.0033,1.19093	
11,1,330,100,0.9,0.01,1.19088	
11,1,330,100,0.9,0.033,1.19088	
11,1,330,100,0.9,0.1,1.19036	
11,1,330,100,0.9,0.33,1.19186	
11,1,330,1000,0.01,0.001,1.19736	
11,1,330,1000,0.01,0.0033,1.19983	
11,1,330,1000,0.01,0.01,1.19983	
11,1,330,1000,0.01,0.033,1.19582	
11,1,330,1000,0.01,0.1,1.19834	
11,1,330,1000,0.01,0.33,1.19782	
11,1,330,1000,0.033,0.001,1.19335	
11,1,330,1000,0.033,0.0033,1.19536	
11,1,330,1000,0.033,0.01,1.19335	
11,1,330,1000,0.033,0.033,1.19386	
11,1,330,1000,0.033,0.1,1.19335	
11,1,330,1000,0.033,0.33,1.19484	
11,1,330,1000,0.1,0.001,1.19289	
11,1,330,1000,0.1,0.0033,1.19438	
11,1,330,1000,0.1,0.01,1.19294	
11,1,330,1000,0.1,0.033,1.19294	
11,1,330,1000,0.1,0.1,1.19237	
11,1,330,1000,0.1,0.33,1.19289	
11,1,330,1000,0.3,0.001,1.19386	
11,1,330,1000,0.3,0.0033,1.19289	
11,1,330,1000,0.3,0.01,1.1934	
11,1,330,1000,0.3,0.033,1.19335	
11,1,330,1000,0.3,0.1,1.19289	
11,1,330,1000,0.3,0.33,1.19186	
11,1,330,1000,0.9,0.001,1.19386	
11,1,330,1000,0.9,0.0033,1.19283	
11,1,330,1000,0.9,0.01,1.19243	
11,1,330,1000,0.9,0.033,1.19191	
11,1,330,1000,0.9,0.1,1.19484	
11,1,330,1000,0.9,0.33,1.19386	
11,1,330,33,0.01,0.001,1.1934	
11,1,330,33,0.01,0.0033,1.19782	
11,1,330,33,0.01,0.01,1.19088	
11,1,330,33,0.01,0.033,1.19484	
11,1,330,33,0.01,0.1,1.19237	
11,1,330,33,0.01,0.33,1.19283	
11,1,330,33,0.033,0.001,1.19093	
11,1,330,33,0.033,0.0033,1.19191	
11,1,330,33,0.033,0.01,1.18887	
11,1,330,33,0.033,0.033,1.19042	
11,1,330,33,0.033,0.1,1.1899	
11,1,330,33,0.033,0.33,1.19036	
11,1,330,33,0.1,0.001,1.19134	
11,1,330,33,0.1,0.0033,1.18985	
11,1,330,33,0.1,0.01,1.19186	
11,1,330,33,0.1,0.033,1.18939	
11,1,330,33,0.1,0.1,1.19036	
11,1,330,33,0.1,0.33,1.19582	
11,1,330,33,0.3,0.001,1.18841	
11,1,330,33,0.3,0.0033,1.1899	
11,1,330,33,0.3,0.01,1.19237	
11,1,330,33,0.3,0.033,1.19088	
11,1,330,33,0.3,0.1,1.19139	
11,1,330,33,0.3,0.33,1.19082	
11,1,330,33,0.9,0.001,1.18939	
11,1,330,33,0.9,0.0033,1.19186	
11,1,330,33,0.9,0.01,1.19191	
11,1,330,33,0.9,0.033,1.18846	
11,1,330,33,0.9,0.1,1.18939	
11,1,330,33,0.9,0.33,1.19289	
11,1,330,330,0.01,0.001,1.19587	
11,1,330,330,0.01,0.0033,1.19438	
11,1,330,330,0.01,0.01,1.19386	
11,1,330,330,0.01,0.033,1.19685	
11,1,330,330,0.01,0.1,1.19386	
11,1,330,330,0.01,0.33,1.1934	
11,1,330,330,0.033,0.001,1.19443	
11,1,330,330,0.033,0.0033,1.19289	
11,1,330,330,0.033,0.01,1.19289	
11,1,330,330,0.033,0.033,1.19438	
11,1,330,330,0.033,0.1,1.19191	
11,1,330,330,0.033,0.33,1.19237	
11,1,330,330,0.1,0.001,1.19329	
11,1,330,330,0.1,0.0033,1.19186	
11,1,330,330,0.1,0.01,1.19294	
11,1,330,330,0.1,0.033,1.19335	
11,1,330,330,0.1,0.1,1.19237	
11,1,330,330,0.1,0.33,1.19294	
11,1,330,330,0.3,0.001,1.19386	
11,1,330,330,0.3,0.0033,1.19088	
11,1,330,330,0.3,0.01,1.19243	
11,1,330,330,0.3,0.033,1.19186	
11,1,330,330,0.3,0.1,1.19191	
11,1,330,330,0.3,0.33,1.19335	
11,1,330,330,0.9,0.001,1.19237	
11,1,330,330,0.9,0.0033,1.19145	
11,1,330,330,0.9,0.01,1.19237	
11,1,330,330,0.9,0.033,1.19237	
11,1,330,330,0.9,0.1,1.19294	
11,1,330,330,0.9,0.33,1.19191	
11,1,3300,100,0.01,0.001,1.19438	
11,1,3300,100,0.01,0.0033,1.19685	
11,1,3300,100,0.01,0.01,1.19386	
11,1,3300,100,0.01,0.033,1.19478	
11,1,3300,100,0.01,0.1,1.1934	
11,1,3300,100,0.01,0.33,1.19386	
11,1,3300,100,0.033,0.001,1.19289	
11,1,3300,100,0.033,0.0033,1.19438	
11,1,3300,100,0.033,0.01,1.19536	
11,1,3300,100,0.033,0.033,1.19386	
11,1,3300,100,0.033,0.1,1.19335	
11,1,3300,100,0.033,0.33,1.19289	
11,1,3300,100,0.1,0.001,1.19283	
11,1,3300,100,0.1,0.0033,1.19289	
11,1,3300,100,0.1,0.01,1.1934	
11,1,3300,100,0.1,0.033,1.19186	
11,1,3300,100,0.1,0.1,1.19386	
11,1,3300,100,0.1,0.33,1.19484	
11,1,3300,100,0.3,0.001,1.19186	
11,1,3300,100,0.3,0.0033,1.19381	
11,1,3300,100,0.3,0.01,1.19139	
11,1,3300,100,0.3,0.033,1.19489	
11,1,3300,100,0.3,0.1,1.19289	
11,1,3300,100,0.3,0.33,1.19587	
11,1,3300,100,0.9,0.001,1.19232	
11,1,3300,100,0.9,0.0033,1.19386	
11,1,3300,100,0.9,0.01,1.19237	
11,1,3300,100,0.9,0.033,1.19335	
11,1,3300,100,0.9,0.1,1.19335	
11,1,3300,100,0.9,0.33,1.19289	
11,1,3300,33,0.01,0.001,1.19335	
11,1,3300,33,0.01,0.0033,1.19335	
11,1,3300,33,0.01,0.01,1.19484	
11,1,3300,33,0.01,0.033,1.19237	
11,1,3300,33,0.01,0.1,1.19335	
11,1,3300,33,0.01,0.33,1.19191	
11,1,3300,33,0.033,0.001,1.19191	
11,1,3300,33,0.033,0.0033,1.19289	
11,1,3300,33,0.033,0.01,1.19191	
11,1,3300,33,0.033,0.033,1.19191	
11,1,3300,33,0.033,0.1,1.19191	
11,1,3300,33,0.033,0.33,1.19335	
11,1,3300,33,0.1,0.001,1.19042	
11,1,3300,33,0.1,0.0033,1.19237	
11,1,3300,33,0.1,0.01,1.19186	
11,1,3300,33,0.1,0.033,1.19237	
11,1,3300,33,0.1,0.1,1.19237	
11,1,3300,33,0.1,0.33,1.19191	
11,1,3300,33,0.3,0.001,1.1918	
11,1,3300,33,0.3,0.0033,1.19134	
11,1,3300,33,0.3,0.01,1.19289	
11,1,3300,33,0.3,0.033,1.19536	
11,1,3300,33,0.3,0.1,1.19186	
11,1,3300,33,0.3,0.33,1.19582	
11,1,3300,33,0.9,0.001,1.1934	
11,1,3300,33,0.9,0.0033,1.19134	
11,1,3300,33,0.9,0.01,1.19283	
11,1,3300,33,0.9,0.033,1.19088	
11,1,3300,33,0.9,0.1,1.19283	
11,1,3300,33,0.9,0.33,1.19186	
11,1,3300,330,0.9,0.001,1.19536	
11,1,3300,330,0.9,0.0033,1.19386	
11,1,3300,330,0.9,0.01,1.19386	
11,1,3300,330,0.9,0.033,1.19386	
11,1,3300,330,0.9,0.1,1.19386	
11,1,3300,330,0.9,0.33,1.19386	
12,1,100,100,0.01,0.001,1.20115	
12,1,100,100,0.01,0.0033,1.20017	
12,1,100,100,0.01,0.01,1.20115	
12,1,100,100,0.01,0.033,1.20091	
12,1,100,100,0.01,0.1,1.20016	
12,1,100,100,0.01,0.33,1.20165	
12,1,100,100,0.033,0.001,1.1992	
12,1,100,100,0.033,0.0033,1.19994	
12,1,100,100,0.033,0.01,1.19995	
12,1,100,100,0.033,0.033,1.2014	
12,1,100,100,0.033,0.1,1.20039	
12,1,100,100,0.033,0.33,1.19894	
12,1,100,100,0.1,0.001,1.19943	
12,1,100,100,0.1,0.0033,1.20115	
12,1,100,100,0.1,0.01,1.19967	
12,1,100,100,0.1,0.033,1.1999	
12,1,100,100,0.1,0.1,1.20041	
12,1,100,100,0.1,0.33,1.20213	
12,1,100,100,0.3,0.001,1.19918	
12,1,100,100,0.3,0.0033,1.19916	
12,1,100,100,0.3,0.01,1.19945	
12,1,100,100,0.3,0.033,1.20213	
12,1,100,100,0.3,0.1,1.19918	
12,1,100,100,0.3,0.33,1.19918	
12,1,100,100,0.9,0.001,1.19844	
12,1,100,100,0.9,0.0033,1.1992	
12,1,100,100,0.9,0.01,1.19918	
12,1,100,100,0.9,0.033,1.20017	
12,1,100,100,0.9,0.1,1.19822	
12,1,100,100,0.9,0.33,1.19943	
12,1,100,1000,0.01,0.001,1.20486	
12,1,100,1000,0.01,0.0033,1.20534	
12,1,100,1000,0.01,0.01,1.20535	
12,1,100,1000,0.01,0.033,1.20364	
12,1,100,1000,0.01,0.1,1.20411	
12,1,100,1000,0.01,0.33,1.20364	
12,1,100,1000,0.033,0.001,1.20189	
12,1,100,1000,0.033,0.0033,1.2014	
12,1,100,1000,0.033,0.01,1.20116	
12,1,100,1000,0.033,0.033,1.20214	
12,1,100,1000,0.033,0.1,1.20216	
12,1,100,1000,0.033,0.33,1.20242	
12,1,100,1000,0.1,0.001,1.20091	
12,1,100,1000,0.1,0.0033,1.20167	
12,1,100,1000,0.1,0.01,1.2014	
12,1,100,1000,0.1,0.033,1.2009	
12,1,100,1000,0.1,0.1,1.19967	
12,1,100,1000,0.1,0.33,1.20066	
12,1,100,1000,0.3,0.001,1.20266	
12,1,100,1000,0.3,0.0033,1.20066	
12,1,100,1000,0.3,0.01,1.20041	
12,1,100,1000,0.3,0.033,1.20165	
12,1,100,1000,0.3,0.1,1.20288	
12,1,100,1000,0.3,0.33,1.20042	
12,1,100,1000,0.9,0.001,1.20041	
12,1,100,1000,0.9,0.0033,1.20042	
12,1,100,1000,0.9,0.01,1.20093	
12,1,100,1000,0.9,0.033,1.20017	
12,1,100,1000,0.9,0.1,1.20017	
12,1,100,1000,0.9,0.33,1.20016	
12,1,100,33,0.01,0.001,1.20066	
12,1,100,33,0.01,0.0033,1.20044	
12,1,100,33,0.01,0.01,1.19942	
12,1,100,33,0.01,0.033,1.2014	
12,1,100,33,0.01,0.1,1.20091	
12,1,100,33,0.01,0.33,1.20042	
12,1,100,33,0.033,0.001,1.19992	
12,1,100,33,0.033,0.0033,1.19945	
12,1,100,33,0.033,0.01,1.19893	
12,1,100,33,0.033,0.033,1.19819	
12,1,100,33,0.033,0.1,1.19916	
12,1,100,33,0.033,0.33,1.1977	
12,1,100,33,0.1,0.001,1.20066	
12,1,100,33,0.1,0.0033,1.19918	
12,1,100,33,0.1,0.01,1.19844	
12,1,100,33,0.1,0.033,1.19945	
12,1,100,33,0.1,0.1,1.19746	
12,1,100,33,0.1,0.33,1.19916	
12,1,100,33,0.3,0.001,1.19992	
12,1,100,33,0.3,0.0033,1.20093	
12,1,100,33,0.3,0.01,1.1992	
12,1,100,33,0.3,0.033,1.19918	
12,1,100,33,0.3,0.1,1.19918	
12,1,100,33,0.3,0.33,1.19943	
12,1,100,33,0.9,0.001,1.19842	
12,1,100,33,0.9,0.0033,1.20017	
12,1,100,33,0.9,0.01,1.19844	
12,1,100,33,0.9,0.033,1.19844	
12,1,100,33,0.9,0.1,1.19869	
12,1,100,33,0.9,0.33,1.19869	
12,1,100,330,0.01,0.001,1.20389	
12,1,100,330,0.01,0.0033,1.20389	
12,1,100,330,0.01,0.01,1.20486	
12,1,100,330,0.01,0.033,1.20411	
12,1,100,330,0.01,0.1,1.20364	
12,1,100,330,0.01,0.33,1.20387	
12,1,100,330,0.033,0.001,1.20068	
12,1,100,330,0.033,0.0033,1.2019	
12,1,100,330,0.033,0.01,1.20115	
12,1,100,330,0.033,0.033,1.20041	
12,1,100,330,0.033,0.1,1.2029	
12,1,100,330,0.033,0.33,1.20115	
12,1,100,330,0.1,0.001,1.19894	
12,1,100,330,0.1,0.0033,1.20044	
12,1,100,330,0.1,0.01,1.20017	
12,1,100,330,0.1,0.033,1.19968	
12,1,100,330,0.1,0.1,1.20042	
12,1,100,330,0.1,0.33,1.2014	
12,1,100,330,0.3,0.001,1.20066	
12,1,100,330,0.3,0.0033,1.20068	
12,1,100,330,0.3,0.01,1.20164	
12,1,100,330,0.3,0.033,1.19995	
12,1,100,330,0.3,0.1,1.19918	
12,1,100,330,0.3,0.33,1.20091	
12,1,100,330,0.9,0.001,1.20017	
12,1,100,330,0.9,0.0033,1.19968	
12,1,100,330,0.9,0.01,1.20017	
12,1,100,330,0.9,0.033,1.19942	
12,1,100,330,0.9,0.1,1.20017	
12,1,100,330,0.9,0.33,1.20115	
12,1,1000,100,0.01,0.001,1.20216	
12,1,1000,100,0.01,0.0033,1.20167	
12,1,1000,100,0.01,0.01,1.2019	
12,1,1000,100,0.01,0.033,1.20116	
12,1,1000,100,0.01,0.1,1.2014	
12,1,1000,100,0.01,0.33,1.20165	
12,1,1000,100,0.033,0.001,1.20116	
12,1,1000,100,0.033,0.0033,1.2014	
12,1,1000,100,0.033,0.01,1.2009	
12,1,1000,100,0.033,0.033,1.2019	
12,1,1000,100,0.033,0.1,1.20142	
12,1,1000,100,0.033,0.33,1.19968	
12,1,1000,100,0.1,0.001,1.20093	
12,1,1000,100,0.1,0.0033,1.20042	
12,1,1000,100,0.1,0.01,1.20142	
12,1,1000,100,0.1,0.033,1.20068	
12,1,1000,100,0.1,0.1,1.20165	
12,1,1000,100,0.1,0.33,1.20041	
12,1,1000,100,0.3,0.001,1.2014	
12,1,1000,100,0.3,0.0033,1.20192	
12,1,1000,100,0.3,0.01,1.20113	
12,1,1000,100,0.3,0.033,1.20066	
12,1,1000,100,0.3,0.1,1.20113	
12,1,1000,100,0.3,0.33,1.20116	
12,1,1000,100,0.9,0.001,1.20164	
12,1,1000,100,0.9,0.0033,1.20091	
12,1,1000,100,0.9,0.01,1.20042	
12,1,1000,100,0.9,0.033,1.20039	
12,1,1000,100,0.9,0.1,1.20038	
12,1,1000,100,0.9,0.33,1.19992	
12,1,1000,1000,0.9,0.0033,1.20165	
12,1,1000,1000,0.9,0.01,1.20216	
12,1,1000,1000,0.9,0.033,1.20115	
12,1,1000,1000,0.9,0.1,1.20214	
12,1,1000,1000,0.9,0.33,1.20214	
12,1,1000,33,0.01,0.001,1.2009	
12,1,1000,33,0.01,0.0033,1.20115	
12,1,1000,33,0.01,0.01,1.20068	
12,1,1000,33,0.01,0.033,1.20164	
12,1,1000,33,0.01,0.1,1.20214	
12,1,1000,33,0.01,0.33,1.20042	
12,1,1000,33,0.033,0.001,1.20241	
12,1,1000,33,0.033,0.0033,1.20066	
12,1,1000,33,0.033,0.01,1.19943	
12,1,1000,33,0.033,0.033,1.20091	
12,1,1000,33,0.033,0.1,1.2009	
12,1,1000,33,0.033,0.33,1.20014	
12,1,1000,33,0.1,0.001,1.20116	
12,1,1000,33,0.1,0.0033,1.20019	
12,1,1000,33,0.1,0.01,1.1999	
12,1,1000,33,0.1,0.033,1.2019	
12,1,1000,33,0.1,0.1,1.19968	
12,1,1000,33,0.1,0.33,1.20016	
12,1,1000,33,0.3,0.001,1.20068	
12,1,1000,33,0.3,0.0033,1.20041	
12,1,1000,33,0.3,0.01,1.19968	
12,1,1000,33,0.3,0.033,1.20017	
12,1,1000,33,0.3,0.1,1.19918	
12,1,1000,33,0.3,0.33,1.2014	
12,1,1000,33,0.9,0.001,1.20066	
12,1,1000,33,0.9,0.0033,1.19942	
12,1,1000,33,0.9,0.01,1.20016	
12,1,1000,33,0.9,0.033,1.19968	
12,1,1000,33,0.9,0.1,1.20066	
12,1,1000,33,0.9,0.33,1.19992	
12,1,1000,330,0.01,0.001,1.20387	
12,1,1000,330,0.01,0.0033,1.2046	
12,1,1000,330,0.01,0.01,1.20362	
12,1,1000,330,0.01,0.033,1.20241	
12,1,1000,330,0.01,0.1,1.20337	
12,1,1000,330,0.01,0.33,1.20239	
12,1,1000,330,0.033,0.001,1.20288	
12,1,1000,330,0.033,0.0033,1.20142	
12,1,1000,330,0.033,0.01,1.20214	
12,1,1000,330,0.033,0.033,1.20238	
12,1,1000,330,0.033,0.1,1.20165	
12,1,1000,330,0.033,0.33,1.2019	
12,1,1000,330,0.1,0.001,1.2014	
12,1,1000,330,0.1,0.0033,1.20116	
12,1,1000,330,0.1,0.01,1.20091	
12,1,1000,330,0.1,0.033,1.20115	
12,1,1000,330,0.1,0.1,1.20066	
12,1,1000,330,0.1,0.33,1.2029	
12,1,1000,330,0.3,0.001,1.20093	
12,1,1000,330,0.3,0.0033,1.20093	
12,1,1000,330,0.3,0.01,1.20216	
12,1,1000,330,0.3,0.033,1.20216	
12,1,1000,330,0.3,0.1,1.20116	
12,1,1000,330,0.3,0.33,1.20165	
12,1,1000,330,0.9,0.001,1.2014	
12,1,1000,330,0.9,0.0033,1.20142	
12,1,1000,330,0.9,0.01,1.20164	
12,1,1000,330,0.9,0.033,1.20066	
12,1,1000,330,0.9,0.1,1.20288	
12,1,1000,330,0.9,0.33,1.20091	
12,1,330,100,0.01,0.001,1.20066	
12,1,330,100,0.01,0.0033,1.20167	
12,1,330,100,0.01,0.01,1.2014	
12,1,330,100,0.01,0.033,1.20214	
12,1,330,100,0.01,0.1,1.20337	
12,1,330,100,0.01,0.33,1.20337	
12,1,330,100,0.033,0.001,1.19994	
12,1,330,100,0.033,0.0033,1.20091	
12,1,330,100,0.033,0.01,1.2009	
12,1,330,100,0.033,0.033,1.20066	
12,1,330,100,0.033,0.1,1.20115	
12,1,330,100,0.033,0.33,1.2014	
12,1,330,100,0.1,0.001,1.19946	
12,1,330,100,0.1,0.0033,1.20189	
12,1,330,100,0.1,0.01,1.19967	
12,1,330,100,0.1,0.033,1.20041	
12,1,330,100,0.1,0.1,1.20164	
12,1,330,100,0.1,0.33,1.20017	
12,1,330,100,0.3,0.001,1.20115	
12,1,330,100,0.3,0.0033,1.19967	
12,1,330,100,0.3,0.01,1.2002	
12,1,330,100,0.3,0.033,1.19942	
12,1,330,100,0.3,0.1,1.19992	
12,1,330,100,0.3,0.33,1.19967	
12,1,330,100,0.9,0.001,1.19995	
12,1,330,100,0.9,0.0033,1.2019	
12,1,330,100,0.9,0.01,1.20165	
12,1,330,100,0.9,0.033,1.19992	
12,1,330,100,0.9,0.1,1.2009	
12,1,330,100,0.9,0.33,1.20016	
12,1,330,1000,0.01,0.001,1.20635	
12,1,330,1000,0.01,0.0033,1.20535	
12,1,330,1000,0.01,0.01,1.20609	
12,1,330,1000,0.01,0.033,1.20288	
12,1,330,1000,0.01,0.1,1.20387	
12,1,330,1000,0.01,0.33,1.20562	
12,1,330,1000,0.033,0.001,1.20165	
12,1,330,1000,0.033,0.0033,1.20239	
12,1,330,1000,0.033,0.01,1.20288	
12,1,330,1000,0.033,0.033,1.2019	
12,1,330,1000,0.033,0.1,1.20263	
12,1,330,1000,0.033,0.33,1.20239	
12,1,330,1000,0.1,0.001,1.20116	
12,1,330,1000,0.1,0.0033,1.20165	
12,1,330,1000,0.1,0.01,1.2014	
12,1,330,1000,0.1,0.033,1.20091	
12,1,330,1000,0.1,0.1,1.20115	
12,1,330,1000,0.1,0.33,1.20189	
12,1,330,1000,0.3,0.001,1.20164	
12,1,330,1000,0.3,0.0033,1.20165	
12,1,330,1000,0.3,0.01,1.20192	
12,1,330,1000,0.3,0.033,1.20115	
12,1,330,1000,0.3,0.1,1.20116	
12,1,330,1000,0.3,0.33,1.20139	
12,1,330,1000,0.9,0.001,1.20116	
12,1,330,1000,0.9,0.0033,1.20167	
12,1,330,1000,0.9,0.01,1.20167	
12,1,330,1000,0.9,0.033,1.2014	
12,1,330,1000,0.9,0.1,1.20238	
12,1,330,1000,0.9,0.33,1.20263	
12,1,330,33,0.01,0.001,1.20214	
12,1,330,33,0.01,0.0033,1.1999	
12,1,330,33,0.01,0.01,1.20115	
12,1,330,33,0.01,0.033,1.20264	
12,1,330,33,0.01,0.1,1.1997	
12,1,330,33,0.01,0.33,1.19992	
12,1,330,33,0.033,0.001,1.1999	
12,1,330,33,0.033,0.0033,1.20017	
12,1,330,33,0.033,0.01,1.20042	
12,1,330,33,0.033,0.033,1.20042	
12,1,330,33,0.033,0.1,1.20164	
12,1,330,33,0.033,0.33,1.20017	
12,1,330,33,0.1,0.001,1.20142	
12,1,330,33,0.1,0.0033,1.19945	
12,1,330,33,0.1,0.01,1.20115	
12,1,330,33,0.1,0.033,1.20066	
12,1,330,33,0.1,0.1,1.19945	
12,1,330,33,0.1,0.33,1.19942	
12,1,330,33,0.3,0.001,1.19868	
12,1,330,33,0.3,0.0033,1.19967	
12,1,330,33,0.3,0.01,1.20066	
12,1,330,33,0.3,0.033,1.19943	
12,1,330,33,0.3,0.1,1.20042	
12,1,330,33,0.3,0.33,1.20041	
12,1,330,33,0.9,0.001,1.19968	
12,1,330,33,0.9,0.0033,1.20017	
12,1,330,33,0.9,0.01,1.1997	
12,1,330,33,0.9,0.033,1.19967	
12,1,330,33,0.9,0.1,1.19943	
12,1,330,33,0.9,0.33,1.19943	
12,1,330,330,0.01,0.001,1.20362	
12,1,330,330,0.01,0.0033,1.20264	
12,1,330,330,0.01,0.01,1.20386	
12,1,330,330,0.01,0.033,1.2051	
12,1,330,330,0.01,0.1,1.20313	
12,1,330,330,0.01,0.33,1.20436	
12,1,330,330,0.033,0.001,1.20068	
12,1,330,330,0.033,0.0033,1.20264	
12,1,330,330,0.033,0.01,1.20066	
12,1,330,330,0.033,0.033,1.20337	
12,1,330,330,0.033,0.1,1.2014	
12,1,330,330,0.033,0.33,1.20213	
12,1,330,330,0.1,0.001,1.20115	
12,1,330,330,0.1,0.0033,1.20116	
12,1,330,330,0.1,0.01,1.20116	
12,1,330,330,0.1,0.033,1.20139	
12,1,330,330,0.1,0.1,1.20164	
12,1,330,330,0.1,0.33,1.20039	
12,1,330,330,0.3,0.001,1.20116	
12,1,330,330,0.3,0.0033,1.20066	
12,1,330,330,0.3,0.01,1.20042	
12,1,330,330,0.3,0.033,1.20044	
12,1,330,330,0.3,0.1,1.20068	
12,1,330,330,0.3,0.33,1.20143	
12,1,330,330,0.9,0.001,1.20066	
12,1,330,330,0.9,0.0033,1.20116	
12,1,330,330,0.9,0.01,1.20115	
12,1,330,330,0.9,0.033,1.19992	
12,1,330,330,0.9,0.1,1.20115	
12,1,330,330,0.9,0.33,1.20142	
13,1,100,100,0.01,0.001,1.21564	
13,1,100,100,0.01,0.0033,1.21601	
13,1,100,100,0.01,0.01,1.21454	
13,1,100,100,0.01,0.033,1.21565	
13,1,100,100,0.01,0.1,1.21416	
13,1,100,100,0.01,0.33,1.21564	
13,1,100,100,0.033,0.001,1.21379	
13,1,100,100,0.033,0.0033,1.21441	
13,1,100,100,0.033,0.01,1.21466	
13,1,100,100,0.033,0.033,1.21466	
13,1,100,100,0.033,0.1,1.21379	
13,1,100,100,0.033,0.33,1.21403	
13,1,100,100,0.1,0.001,1.21391	
13,1,100,100,0.1,0.0033,1.21342	
13,1,100,100,0.1,0.01,1.21391	
13,1,100,100,0.1,0.033,1.2154	
13,1,100,100,0.1,0.1,1.21492	
13,1,100,100,0.1,0.33,1.21405	
13,1,100,100,0.3,0.001,1.21354	
13,1,100,100,0.3,0.0033,1.21393	
13,1,100,100,0.3,0.01,1.21393	
13,1,100,100,0.3,0.033,1.21404	
13,1,100,100,0.3,0.1,1.21416	
13,1,100,100,0.3,0.33,1.2138	
13,1,100,100,0.9,0.001,1.21391	
13,1,100,100,0.9,0.0033,1.21367	
13,1,100,100,0.9,0.01,1.21379	
13,1,100,100,0.9,0.033,1.21404	
13,1,100,100,0.9,0.1,1.21465	
13,1,100,100,0.9,0.33,1.21367	
13,1,100,1000,0.01,0.001,1.21749	
13,1,100,1000,0.01,0.0033,1.21736	
13,1,100,1000,0.01,0.01,1.21651	
13,1,100,1000,0.01,0.033,1.21811	
13,1,100,1000,0.01,0.1,1.21787	
13,1,100,1000,0.01,0.33,1.21737	
13,1,100,1000,0.033,0.001,1.21527	
13,1,100,1000,0.033,0.0033,1.21577	
13,1,100,1000,0.033,0.01,1.21565	
13,1,100,1000,0.033,0.033,1.21638	
13,1,100,1000,0.033,0.1,1.21528	
13,1,100,1000,0.033,0.33,1.21515	
13,1,100,1000,0.1,0.001,1.21528	
13,1,100,1000,0.1,0.0033,1.21466	
13,1,100,1000,0.1,0.01,1.21503	
13,1,100,1000,0.1,0.033,1.21638	
13,1,100,1000,0.1,0.1,1.21441	
13,1,100,1000,0.1,0.33,1.21589	
13,1,100,1000,0.3,0.001,1.21453	
13,1,100,1000,0.3,0.0033,1.21442	
13,1,100,1000,0.3,0.01,1.21478	
13,1,100,1000,0.3,0.033,1.21515	
13,1,100,1000,0.3,0.1,1.21404	
13,1,100,1000,0.3,0.33,1.21565	
13,1,100,1000,0.9,0.001,1.21465	
13,1,100,1000,0.9,0.0033,1.21428	
13,1,100,1000,0.9,0.01,1.2144	
13,1,100,1000,0.9,0.033,1.21464	
13,1,100,1000,0.9,0.1,1.21502	
13,1,100,1000,0.9,0.33,1.21441	
13,1,100,33,0.01,0.001,1.21478	
13,1,100,33,0.01,0.0033,1.21404	
13,1,100,33,0.01,0.01,1.21405	
13,1,100,33,0.01,0.033,1.21404	
13,1,100,33,0.01,0.1,1.21663	
13,1,100,33,0.01,0.33,1.21404	
13,1,100,33,0.033,0.001,1.21416	
13,1,100,33,0.033,0.0033,1.21367	
13,1,100,33,0.033,0.01,1.2133	
13,1,100,33,0.033,0.033,1.21453	
13,1,100,33,0.033,0.1,1.21577	
13,1,100,33,0.033,0.33,1.21305	
13,1,100,33,0.1,0.001,1.21294	
13,1,100,33,0.1,0.0033,1.21317	
13,1,100,33,0.1,0.01,1.21367	
13,1,100,33,0.1,0.033,1.2133	
13,1,100,33,0.1,0.1,1.21379	
13,1,100,33,0.1,0.33,1.2133	
13,1,100,33,0.3,0.001,1.21392	
13,1,100,33,0.3,0.0033,1.21478	
13,1,100,33,0.3,0.01,1.21293	
13,1,100,33,0.3,0.033,1.21391	
13,1,100,33,0.3,0.1,1.21268	
13,1,100,33,0.3,0.33,1.21405	
13,1,100,33,0.9,0.001,1.21355	
13,1,100,33,0.9,0.0033,1.21392	
13,1,100,33,0.9,0.01,1.2128	
13,1,100,33,0.9,0.033,1.21367	
13,1,100,33,0.9,0.1,1.21305	
13,1,100,33,0.9,0.33,1.21305	
13,1,100,330,0.01,0.001,1.21663	
13,1,100,330,0.01,0.0033,1.21625	
13,1,100,330,0.01,0.01,1.21602	
13,1,100,330,0.01,0.033,1.21602	
13,1,100,330,0.01,0.1,1.21626	
13,1,100,330,0.01,0.33,1.21676	
13,1,100,330,0.033,0.001,1.21515	
13,1,100,330,0.033,0.0033,1.21514	
13,1,100,330,0.033,0.01,1.21503	
13,1,100,330,0.033,0.033,1.21514	
13,1,100,330,0.033,0.1,1.21503	
13,1,100,330,0.033,0.33,1.21466	
13,1,100,330,0.1,0.001,1.21515	
13,1,100,330,0.1,0.0033,1.21453	
13,1,100,330,0.1,0.01,1.21453	
13,1,100,330,0.1,0.033,1.2148	
13,1,100,330,0.1,0.1,1.21478	
13,1,100,330,0.1,0.33,1.21417	
13,1,100,330,0.3,0.001,1.21453	
13,1,100,330,0.3,0.0033,1.21441	
13,1,100,330,0.3,0.01,1.21441	
13,1,100,330,0.3,0.033,1.21428	
13,1,100,330,0.3,0.1,1.21601	
13,1,100,330,0.3,0.33,1.21428	
13,1,100,330,0.9,0.001,1.21417	
13,1,100,330,0.9,0.0033,1.21441	
13,1,100,330,0.9,0.01,1.2133	
13,1,100,330,0.9,0.033,1.21428	
13,1,100,330,0.9,0.1,1.21393	
13,1,100,330,0.9,0.33,1.21404	
13,1,330,100,0.01,0.001,1.21614	
13,1,330,100,0.01,0.0033,1.21552	
13,1,330,100,0.01,0.01,1.21651	
13,1,330,100,0.01,0.033,1.21688	
13,1,330,100,0.01,0.1,1.21479	
13,1,330,100,0.01,0.33,1.21565	
13,1,330,100,0.033,0.001,1.21465	
13,1,330,100,0.033,0.0033,1.21552	
13,1,330,100,0.033,0.01,1.21478	
13,1,330,100,0.033,0.033,1.21442	
13,1,330,100,0.033,0.1,1.21453	
13,1,330,100,0.033,0.33,1.21464	
13,1,330,100,0.1,0.001,1.2149	
13,1,330,100,0.1,0.0033,1.21454	
13,1,330,100,0.1,0.01,1.21416	
13,1,330,100,0.1,0.033,1.21416	
13,1,330,100,0.1,0.1,1.21528	
13,1,330,100,0.1,0.33,1.2149	
13,1,330,100,0.3,0.001,1.21392	
13,1,330,100,0.3,0.0033,1.21477	
13,1,330,100,0.3,0.01,1.2154	
13,1,330,100,0.3,0.033,1.21406	
13,1,330,100,0.3,0.1,1.21417	
13,1,330,100,0.3,0.33,1.21415	
13,1,330,100,0.9,0.001,1.2143	
13,1,330,100,0.9,0.0033,1.21453	
13,1,330,100,0.9,0.01,1.21464	
13,1,330,100,0.9,0.033,1.21427	
13,1,330,100,0.9,0.1,1.21418	
13,1,330,100,0.9,0.33,1.21441	
13,1,330,1000,0.033,0.0033,1.21502	
13,1,330,1000,0.033,0.01,1.21551	
13,1,330,1000,0.033,0.033,1.21552	
13,1,330,1000,0.033,0.1,1.21551	
13,1,330,1000,0.033,0.33,1.216	
13,1,330,1000,0.1,0.001,1.21491	
13,1,330,1000,0.1,0.0033,1.21513	
13,1,330,1000,0.1,0.01,1.2149	
13,1,330,1000,0.1,0.033,1.21565	
13,1,330,1000,0.1,0.1,1.21502	
13,1,330,1000,0.1,0.33,1.21478	
13,1,330,1000,0.3,0.001,1.21491	
13,1,330,1000,0.3,0.0033,1.21576	
13,1,330,1000,0.3,0.01,1.21501	
13,1,330,1000,0.3,0.033,1.21517	
13,1,330,1000,0.3,0.1,1.2154	
13,1,330,1000,0.3,0.33,1.21564	
13,1,330,1000,0.9,0.001,1.21577	
13,1,330,1000,0.9,0.0033,1.21478	
13,1,330,1000,0.9,0.01,1.21515	
13,1,330,1000,0.9,0.033,1.21515	
13,1,330,1000,0.9,0.1,1.21552	
13,1,330,1000,0.9,0.33,1.21465	
13,1,330,33,0.01,0.001,1.21465	
13,1,330,33,0.01,0.0033,1.21417	
13,1,330,33,0.01,0.01,1.21516	
13,1,330,33,0.01,0.033,1.21515	
13,1,330,33,0.01,0.1,1.21502	
13,1,330,33,0.01,0.33,1.21528	
13,1,330,33,0.033,0.001,1.21366	
13,1,330,33,0.033,0.0033,1.21416	
13,1,330,33,0.033,0.01,1.21478	
13,1,330,33,0.033,0.033,1.21416	
13,1,330,33,0.033,0.1,1.21405	
13,1,330,33,0.033,0.33,1.21356	
13,1,330,33,0.1,0.001,1.2138	
13,1,330,33,0.1,0.0033,1.2138	
13,1,330,33,0.1,0.01,1.21343	
13,1,330,33,0.1,0.033,1.21416	
13,1,330,33,0.1,0.1,1.21403	
13,1,330,33,0.1,0.33,1.21392	
13,1,330,33,0.3,0.001,1.21453	
13,1,330,33,0.3,0.0033,1.21441	
13,1,330,33,0.3,0.01,1.21392	
13,1,330,33,0.3,0.033,1.21491	
13,1,330,33,0.3,0.1,1.21453	
13,1,330,33,0.3,0.33,1.21417	
13,1,330,33,0.9,0.001,1.21392	
13,1,330,33,0.9,0.0033,1.21392	
13,1,330,33,0.9,0.01,1.21354	
13,1,330,33,0.9,0.033,1.21416	
13,1,330,33,0.9,0.1,1.21392	
13,1,330,33,0.9,0.33,1.2133	
13,1,330,330,0.01,0.001,1.21651	
13,1,330,330,0.01,0.0033,1.21675	
13,1,330,330,0.01,0.01,1.21699	
13,1,330,330,0.01,0.033,1.21552	
13,1,330,330,0.01,0.1,1.21638	
13,1,330,330,0.01,0.33,1.21589	
13,1,330,330,0.033,0.001,1.21515	
13,1,330,330,0.033,0.0033,1.21503	
13,1,330,330,0.033,0.01,1.21503	
13,1,330,330,0.033,0.033,1.2149	
13,1,330,330,0.033,0.1,1.2154	
13,1,330,330,0.033,0.33,1.21577	
13,1,330,330,0.1,0.001,1.21625	
13,1,330,330,0.1,0.0033,1.21491	
13,1,330,330,0.1,0.01,1.2149	
13,1,330,330,0.1,0.033,1.21501	
13,1,330,330,0.1,0.1,1.21505	
13,1,330,330,0.1,0.33,1.21503	
13,1,330,330,0.3,0.001,1.21515	
13,1,330,330,0.3,0.0033,1.21552	
13,1,330,330,0.3,0.01,1.21466	
13,1,330,330,0.3,0.033,1.21441	
13,1,330,330,0.3,0.1,1.21466	
13,1,330,330,0.3,0.33,1.21441	
13,1,330,330,0.9,0.001,1.21453	
13,1,330,330,0.9,0.0033,1.21466	
13,1,330,330,0.9,0.01,1.21503	
13,1,330,330,0.9,0.033,1.21552	
13,1,330,330,0.9,0.1,1.21429	
13,1,330,330,0.9,0.33,1.2149	
14,1,100,100,0.01,0.001,1.22171	
14,1,100,100,0.01,0.0033,1.22141	
14,1,100,100,0.01,0.01,1.22159	
14,1,100,100,0.01,0.033,1.22134	
14,1,100,100,0.01,0.1,1.22166	
14,1,100,100,0.01,0.33,1.22196	
14,1,100,100,0.033,0.001,1.2219	
14,1,100,100,0.033,0.0033,1.22055	
14,1,100,100,0.033,0.01,1.22117	
14,1,100,100,0.033,0.033,1.22098	
14,1,100,100,0.033,0.1,1.22074	
14,1,100,100,0.033,0.33,1.2211	
14,1,100,100,0.1,0.001,1.22128	
14,1,100,100,0.1,0.0033,1.22098	
14,1,100,100,0.1,0.01,1.22037	
14,1,100,100,0.1,0.033,1.22073	
14,1,100,100,0.1,0.1,1.22123	
14,1,100,100,0.1,0.33,1.22018	
14,1,100,100,0.3,0.001,1.22116	
14,1,100,100,0.3,0.0033,1.22196	
14,1,100,100,0.3,0.01,1.22019	
14,1,100,100,0.3,0.033,1.22055	
14,1,100,100,0.3,0.1,1.22116	
14,1,100,100,0.3,0.33,1.2203	
14,1,100,100,0.9,0.001,1.22086	
14,1,100,100,0.9,0.0033,1.22042	
14,1,100,100,0.9,0.01,1.22049	
14,1,100,100,0.9,0.033,1.22104	
14,1,100,100,0.9,0.1,1.22067	
14,1,100,100,0.9,0.33,1.22055	
14,1,100,1000,0.01,0.001,1.22233	
14,1,100,1000,0.01,0.0033,1.22313	
14,1,100,1000,0.01,0.01,1.22221	
14,1,100,1000,0.01,0.033,1.22312	
14,1,100,1000,0.01,0.1,1.22245	
14,1,100,1000,0.01,0.33,1.22294	
14,1,100,1000,0.033,0.001,1.22215	
14,1,100,1000,0.033,0.0033,1.22147	
14,1,100,1000,0.033,0.01,1.22165	
14,1,100,1000,0.033,0.033,1.2219	
14,1,100,1000,0.033,0.1,1.22129	
14,1,100,1000,0.033,0.33,1.22136	
14,1,100,1000,0.1,0.001,1.2211	
14,1,100,1000,0.1,0.0033,1.22104	
14,1,100,1000,0.1,0.01,1.22129	
14,1,100,1000,0.1,0.033,1.22165	
14,1,100,1000,0.1,0.1,1.22135	
14,1,100,1000,0.1,0.33,1.22074	
14,1,100,1000,0.3,0.001,1.2219	
14,1,100,1000,0.3,0.0033,1.22159	
14,1,100,1000,0.3,0.01,1.22221	
14,1,100,1000,0.3,0.033,1.22111	
14,1,100,1000,0.3,0.1,1.22165	
14,1,100,1000,0.3,0.33,1.22239	
14,1,100,1000,0.9,0.001,1.22122	
14,1,100,1000,0.9,0.0033,1.22098	
14,1,100,1000,0.9,0.01,1.22104	
14,1,100,1000,0.9,0.033,1.22141	
14,1,100,1000,0.9,0.1,1.22135	
14,1,100,1000,0.9,0.33,1.22116	
14,1,100,33,0.01,0.001,1.22098	
14,1,100,33,0.01,0.0033,1.22091	
14,1,100,33,0.01,0.01,1.22079	
14,1,100,33,0.01,0.033,1.2211	
14,1,100,33,0.01,0.1,1.22086	
14,1,100,33,0.01,0.33,1.22036	
14,1,100,33,0.033,0.001,1.2211	
14,1,100,33,0.033,0.0033,1.22055	
14,1,100,33,0.033,0.01,1.22031	
14,1,100,33,0.033,0.033,1.22067	
14,1,100,33,0.033,0.1,1.22036	
14,1,100,33,0.033,0.33,1.22092	
14,1,100,33,0.1,0.001,1.21999	
14,1,100,33,0.1,0.0033,1.22024	
14,1,100,33,0.1,0.01,1.22085	
14,1,100,33,0.1,0.033,1.22006	
14,1,100,33,0.1,0.1,1.22031	
14,1,100,33,0.1,0.33,1.2208	
14,1,100,33,0.3,0.001,1.22054	
14,1,100,33,0.3,0.0033,1.22012	
14,1,100,33,0.3,0.01,1.22086	
14,1,100,33,0.3,0.033,1.2211	
14,1,100,33,0.3,0.1,1.22018	
14,1,100,33,0.3,0.33,1.2203	
14,1,100,33,0.9,0.001,1.22043	
14,1,100,33,0.9,0.0033,1.22012	
14,1,100,33,0.9,0.01,1.22062	
14,1,100,33,0.9,0.033,1.2203	
14,1,100,33,0.9,0.1,1.22049	
14,1,100,33,0.9,0.33,1.21994	
14,1,100,330,0.01,0.001,1.22171	
14,1,100,330,0.01,0.0033,1.22239	
14,1,100,330,0.01,0.01,1.22221	
14,1,100,330,0.01,0.033,1.22208	
14,1,100,330,0.01,0.1,1.22276	
14,1,100,330,0.01,0.33,1.223	
14,1,100,330,0.033,0.001,1.2211	
14,1,100,330,0.033,0.0033,1.22128	
14,1,100,330,0.033,0.01,1.22153	
14,1,100,330,0.033,0.033,1.22159	
14,1,100,330,0.033,0.1,1.22117	
14,1,100,330,0.033,0.33,1.22172	
14,1,100,330,0.1,0.001,1.22086	
14,1,100,330,0.1,0.0033,1.2216	
14,1,100,330,0.1,0.01,1.22062	
14,1,100,330,0.1,0.033,1.22104	
14,1,100,330,0.1,0.1,1.22122	
14,1,100,330,0.1,0.33,1.22141	
14,1,100,330,0.3,0.001,1.22092	
14,1,100,330,0.3,0.0033,1.22098	
14,1,100,330,0.3,0.01,1.22111	
14,1,100,330,0.3,0.033,1.22092	
14,1,100,330,0.3,0.1,1.22135	
14,1,100,330,0.3,0.33,1.22074	
14,1,100,330,0.9,0.001,1.2211	
14,1,100,330,0.9,0.0033,1.22073	
14,1,100,330,0.9,0.01,1.22036	
14,1,100,330,0.9,0.033,1.2208	
14,1,100,330,0.9,0.1,1.22073	
14,1,100,330,0.9,0.33,1.22104	
14,1,330,100,0.01,0.001,1.22141	
14,1,330,100,0.01,0.0033,1.22202	
14,1,330,100,0.01,0.01,1.22122	
14,1,330,100,0.01,0.033,1.2216	
14,1,330,100,0.01,0.1,1.22325	
14,1,330,100,0.01,0.33,1.22122	
14,1,330,100,0.033,0.001,1.22122	
14,1,330,100,0.033,0.0033,1.22085	
14,1,330,100,0.033,0.01,1.22135	
14,1,330,100,0.033,0.033,1.22074	
14,1,330,100,0.033,0.1,1.22092	
14,1,330,100,0.033,0.33,1.22129	
14,1,330,100,0.1,0.001,1.2211	
14,1,330,100,0.1,0.0033,1.22098	
14,1,330,100,0.1,0.01,1.22153	
14,1,330,100,0.1,0.033,1.22165	
14,1,330,100,0.1,0.1,1.22129	
14,1,330,100,0.1,0.33,1.22153	
14,1,330,100,0.3,0.001,1.22166	
14,1,330,100,0.3,0.0033,1.22128	
14,1,330,100,0.3,0.01,1.22067	
14,1,330,100,0.3,0.033,1.22079	
14,1,330,100,0.3,0.1,1.2208	
14,1,330,100,0.3,0.33,1.22079	
14,1,330,100,0.9,0.001,1.22172	
14,1,330,100,0.9,0.0033,1.22079	
14,1,330,100,0.9,0.01,1.22061	
14,1,330,100,0.9,0.033,1.22122	
14,1,330,100,0.9,0.1,1.2208	
14,1,330,100,0.9,0.33,1.22098	
14,1,330,33,0.01,0.001,1.22104	
14,1,330,33,0.01,0.0033,1.22098	
14,1,330,33,0.01,0.01,1.22061	
14,1,330,33,0.01,0.033,1.22153	
14,1,330,33,0.01,0.1,1.2216	
14,1,330,33,0.01,0.33,1.22049	
14,1,330,33,0.033,0.001,1.22042	
14,1,330,33,0.033,0.0033,1.22079	
14,1,330,33,0.033,0.01,1.22092	
14,1,330,33,0.033,0.033,1.22074	
14,1,330,33,0.033,0.1,1.22141	
14,1,330,33,0.033,0.33,1.22043	
14,1,330,33,0.1,0.001,1.22049	
14,1,330,33,0.1,0.0033,1.22159	
14,1,330,33,0.1,0.01,1.22153	
14,1,330,33,0.1,0.033,1.22086	
14,1,330,33,0.1,0.1,1.2208	
14,1,330,33,0.1,0.33,1.22073	
14,1,330,33,0.3,0.001,1.2211	
14,1,330,33,0.3,0.0033,1.22037	
14,1,330,33,0.3,0.01,1.22048	
14,1,330,33,0.3,0.033,1.22098	
14,1,330,33,0.3,0.1,1.22116	
14,1,330,33,0.3,0.33,1.22123	
14,1,330,33,0.9,0.001,1.22036	
14,1,330,33,0.9,0.0033,1.22134	
14,1,330,33,0.9,0.01,1.22086	
14,1,330,33,0.9,0.033,1.22073	
14,1,330,33,0.9,0.1,1.22055	
14,1,330,33,0.9,0.33,1.22147	
14,1,330,330,0.1,0.1,1.22128	
14,1,330,330,0.1,0.33,1.22152	
14,1,330,330,0.3,0.001,1.22123	
14,1,330,330,0.3,0.0033,1.22129	
14,1,330,330,0.3,0.01,1.22122	
14,1,330,330,0.3,0.033,1.22141	
14,1,330,330,0.3,0.1,1.22129	
14,1,330,330,0.3,0.33,1.22142	
14,1,330,330,0.9,0.001,1.22111	
14,1,330,330,0.9,0.0033,1.22098	
14,1,330,330,0.9,0.01,1.22117	
14,1,330,330,0.9,0.033,1.22147	
14,1,330,330,0.9,0.1,1.22098	
14,1,330,330,0.9,0.33,1.22128	
15,1,100,100,0.01,0.001,1.22913	
15,1,100,100,0.01,0.0033,1.22937	
15,1,100,100,0.01,0.01,1.2295	
15,1,100,100,0.01,0.033,1.22968	
15,1,100,100,0.01,0.1,1.22922	
15,1,100,100,0.01,0.33,1.22916	
15,1,100,100,0.033,0.001,1.22882	
15,1,100,100,0.033,0.0033,1.22888	
15,1,100,100,0.033,0.01,1.22931	
15,1,100,100,0.033,0.033,1.22928	
15,1,100,100,0.033,0.1,1.22898	
15,1,100,100,0.033,0.33,1.22959	
15,1,100,100,0.1,0.001,1.22891	
15,1,100,100,0.1,0.0033,1.22876	
15,1,100,100,0.1,0.01,1.22882	
15,1,100,100,0.1,0.033,1.22934	
15,1,100,100,0.1,0.1,1.22888	
15,1,100,100,0.1,0.33,1.22919	
15,1,100,100,0.3,0.001,1.22897	
15,1,100,100,0.3,0.0033,1.22931	
15,1,100,100,0.3,0.01,1.22888	
15,1,100,100,0.3,0.033,1.22928	
15,1,100,100,0.3,0.1,1.22916	
15,1,100,100,0.3,0.33,1.22892	
15,1,100,100,0.9,0.001,1.22907	
15,1,100,100,0.9,0.0033,1.22897	
15,1,100,100,0.9,0.01,1.2291	
15,1,100,100,0.9,0.033,1.22882	
15,1,100,100,0.9,0.1,1.22873	
15,1,100,100,0.9,0.33,1.229	
15,1,100,1000,0.033,0.33,1.22959	
15,1,100,1000,0.1,0.001,1.2291	
15,1,100,1000,0.1,0.0033,1.22952	
15,1,100,1000,0.1,0.01,1.22983	
15,1,100,1000,0.1,0.033,1.2298	
15,1,100,1000,0.1,0.1,1.22922	
15,1,100,1000,0.1,0.33,1.22925	
15,1,100,1000,0.3,0.001,1.22965	
15,1,100,1000,0.3,0.0033,1.229	
15,1,100,1000,0.3,0.01,1.22937	
15,1,100,1000,0.3,0.033,1.22955	
15,1,100,1000,0.3,0.1,1.22949	
15,1,100,1000,0.3,0.33,1.22956	
15,1,100,1000,0.9,0.001,1.22919	
15,1,100,1000,0.9,0.0033,1.22919	
15,1,100,1000,0.9,0.01,1.22937	
15,1,100,1000,0.9,0.033,1.2294	
15,1,100,1000,0.9,0.1,1.22952	
15,1,100,1000,0.9,0.33,1.22931	
15,1,100,33,0.01,0.001,1.22937	
15,1,100,33,0.01,0.0033,1.22904	
15,1,100,33,0.01,0.01,1.22882	
15,1,100,33,0.01,0.033,1.22906	
15,1,100,33,0.01,0.1,1.22965	
15,1,100,33,0.01,0.33,1.22922	
15,1,100,33,0.033,0.001,1.22897	
15,1,100,33,0.033,0.0033,1.22882	
15,1,100,33,0.033,0.01,1.22879	
15,1,100,33,0.033,0.033,1.22876	
15,1,100,33,0.033,0.1,1.22873	
15,1,100,33,0.033,0.33,1.22861	
15,1,100,33,0.1,0.001,1.22897	
15,1,100,33,0.1,0.0033,1.22934	
15,1,100,33,0.1,0.01,1.2287	
15,1,100,33,0.1,0.033,1.22857	
15,1,100,33,0.1,0.1,1.22864	
15,1,100,33,0.1,0.33,1.22873	
15,1,100,33,0.3,0.001,1.2287	
15,1,100,33,0.3,0.0033,1.22879	
15,1,100,33,0.3,0.01,1.22943	
15,1,100,33,0.3,0.033,1.22904	
15,1,100,33,0.3,0.1,1.22876	
15,1,100,33,0.3,0.33,1.22904	
15,1,100,33,0.9,0.001,1.22904	
15,1,100,33,0.9,0.0033,1.22922	
15,1,100,33,0.9,0.01,1.22833	
15,1,100,33,0.9,0.033,1.2291	
15,1,100,33,0.9,0.1,1.22891	
15,1,100,33,0.9,0.33,1.22848	
15,1,100,330,0.01,0.001,1.22987	
15,1,100,330,0.01,0.0033,1.23002	
15,1,100,330,0.01,0.01,1.23026	
15,1,100,330,0.01,0.033,1.22989	
15,1,100,330,0.01,0.1,1.22977	
15,1,100,330,0.01,0.33,1.22946	
15,1,100,330,0.033,0.001,1.22931	
15,1,100,330,0.033,0.0033,1.22934	
15,1,100,330,0.033,0.01,1.2291	
15,1,100,330,0.033,0.033,1.22897	
15,1,100,330,0.033,0.1,1.22898	
15,1,100,330,0.033,0.33,1.22946	
15,1,100,330,0.1,0.001,1.22934	
15,1,100,330,0.1,0.0033,1.22928	
15,1,100,330,0.1,0.01,1.2291	
15,1,100,330,0.1,0.033,1.22907	
15,1,100,330,0.1,0.1,1.22916	
15,1,100,330,0.1,0.33,1.22907	
15,1,100,330,0.3,0.001,1.22925	
15,1,100,330,0.3,0.0033,1.2294	
15,1,100,330,0.3,0.01,1.22907	
15,1,100,330,0.3,0.033,1.22928	
15,1,100,330,0.3,0.1,1.2291	
15,1,100,330,0.3,0.33,1.22901	
15,1,100,330,0.9,0.001,1.22928	
15,1,100,330,0.9,0.0033,1.22913	
15,1,100,330,0.9,0.01,1.22894	
15,1,100,330,0.9,0.033,1.22919	
15,1,100,330,0.9,0.1,1.22932	
15,1,100,330,0.9,0.33,1.22922	
8,1,100,100,0.01,0.001,1.13984	
8,1,100,100,0.01,0.0033,1.13984	
8,1,100,100,0.01,0.01,1.13646	
8,1,100,100,0.01,0.033,1.13646	
8,1,100,100,0.01,0.1,1.14427	
8,1,100,100,0.01,0.33,1.13203	
8,1,100,100,0.033,0.001,1.1276	
8,1,100,100,0.033,0.0033,1.13203	
8,1,100,100,0.033,0.01,1.13203	
8,1,100,100,0.033,0.033,1.13203	
8,1,100,100,0.033,0.1,1.13203	
8,1,100,100,0.033,0.33,1.13203	
8,1,100,100,0.1,0.001,1.12422	
8,1,100,100,0.1,0.0033,1.13203	
8,1,100,100,0.1,0.01,1.1276	
8,1,100,100,0.1,0.033,1.12422	
8,1,100,100,0.1,0.1,1.13984	
8,1,100,100,0.1,0.33,1.1276	
8,1,100,100,0.3,0.001,1.13203	
8,1,100,100,0.3,0.0033,1.12422	
8,1,100,100,0.3,0.01,1.1276	
8,1,100,100,0.3,0.033,1.13203	
8,1,100,100,0.3,0.1,1.13203	
8,1,100,100,0.3,0.33,1.1276	
8,1,100,100,0.9,0.001,1.1276	
8,1,100,100,0.9,0.0033,1.13203	
8,1,100,100,0.9,0.01,1.1276	
8,1,100,100,0.9,0.033,1.13203	
8,1,100,100,0.9,0.1,1.13203	
8,1,100,100,0.9,0.33,1.1276	
8,1,100,1000,0.01,0.001,1.15208	
8,1,100,1000,0.01,0.0033,1.15651	
8,1,100,1000,0.01,0.01,1.15651	
8,1,100,1000,0.01,0.033,1.15651	
8,1,100,1000,0.01,0.1,1.15651	
8,1,100,1000,0.01,0.33,1.15651	
8,1,100,1000,0.033,0.001,1.14427	
8,1,100,1000,0.033,0.0033,1.13984	
8,1,100,1000,0.033,0.01,1.14427	
8,1,100,1000,0.033,0.033,1.13984	
8,1,100,1000,0.033,0.1,1.13984	
8,1,100,1000,0.033,0.33,1.1487	
8,1,100,1000,0.1,0.001,1.13984	
8,1,100,1000,0.1,0.0033,1.13203	
8,1,100,1000,0.1,0.01,1.13984	
8,1,100,1000,0.1,0.033,1.13203	
8,1,100,1000,0.1,0.1,1.13984	
8,1,100,1000,0.1,0.33,1.13203	
8,1,100,1000,0.3,0.001,1.13203	
8,1,100,1000,0.3,0.0033,1.13542	
8,1,100,1000,0.3,0.01,1.13203	
8,1,100,1000,0.3,0.033,1.13203	
8,1,100,1000,0.3,0.1,1.13203	
8,1,100,1000,0.3,0.33,1.13203	
8,1,100,1000,0.9,0.001,1.13203	
8,1,100,1000,0.9,0.0033,1.13203	
8,1,100,1000,0.9,0.01,1.13984	
8,1,100,1000,0.9,0.033,1.13203	
8,1,100,1000,0.9,0.1,1.13203	
8,1,100,1000,0.9,0.33,1.13984	
8,1,100,33,0.01,0.001,1.1276	
8,1,100,33,0.01,0.0033,1.13203	
8,1,100,33,0.01,0.01,1.14427	
8,1,100,33,0.01,0.033,1.13203	
8,1,100,33,0.01,0.1,1.13203	
8,1,100,33,0.01,0.33,1.1276	
8,1,100,33,0.033,0.001,1.1276	
8,1,100,33,0.033,0.0033,1.11979	
8,1,100,33,0.033,0.01,1.1276	
8,1,100,33,0.033,0.033,1.13203	
8,1,100,33,0.033,0.1,1.12318	
8,1,100,33,0.033,0.33,1.13203	
8,1,100,33,0.1,0.001,1.13203	
8,1,100,33,0.1,0.0033,1.13203	
8,1,100,33,0.1,0.01,1.1276	
8,1,100,33,0.1,0.033,1.11979	
8,1,100,33,0.1,0.1,1.13203	
8,1,100,33,0.1,0.33,1.11979	
8,1,100,33,0.3,0.001,1.12318	
8,1,100,33,0.3,0.0033,1.11641	
8,1,100,33,0.3,0.01,1.11536	
8,1,100,33,0.3,0.033,1.11979	
8,1,100,33,0.3,0.1,1.12318	
8,1,100,33,0.3,0.33,1.12422	
8,1,100,33,0.9,0.001,1.12422	
8,1,100,33,0.9,0.0033,1.11979	
8,1,100,33,0.9,0.01,1.12318	
8,1,100,33,0.9,0.033,1.11979	
8,1,100,33,0.9,0.1,1.12318	
8,1,100,33,0.9,0.33,1.1276	
8,1,100,330,0.01,0.001,1.14427	
8,1,100,330,0.01,0.0033,1.14427	
8,1,100,330,0.01,0.01,1.13646	
8,1,100,330,0.01,0.033,1.15208	
8,1,100,330,0.01,0.1,1.14427	
8,1,100,330,0.01,0.33,1.15208	
8,1,100,330,0.033,0.001,1.13984	
8,1,100,330,0.033,0.0033,1.13203	
8,1,100,330,0.033,0.01,1.13203	
8,1,100,330,0.033,0.033,1.14427	
8,1,100,330,0.033,0.1,1.13203	
8,1,100,330,0.033,0.33,1.13542	
8,1,100,330,0.1,0.001,1.13542	
8,1,100,330,0.1,0.0033,1.1276	
8,1,100,330,0.1,0.01,1.13203	
8,1,100,330,0.1,0.033,1.13203	
8,1,100,330,0.1,0.1,1.13203	
8,1,100,330,0.1,0.33,1.1276	
8,1,100,330,0.3,0.001,1.13203	
8,1,100,330,0.3,0.0033,1.13203	
8,1,100,330,0.3,0.01,1.13203	
8,1,100,330,0.3,0.033,1.13203	
8,1,100,330,0.3,0.1,1.1276	
8,1,100,330,0.3,0.33,1.13203	
8,1,100,330,0.9,0.001,1.13984	
8,1,100,330,0.9,0.0033,1.13203	
8,1,100,330,0.9,0.01,1.12865	
8,1,100,330,0.9,0.033,1.13203	
8,1,100,330,0.9,0.1,1.13203	
8,1,100,330,0.9,0.33,1.1276	
8,1,1000,100,0.01,0.001,1.13984	
8,1,1000,100,0.01,0.0033,1.13984	
8,1,1000,100,0.01,0.01,1.14427	
8,1,1000,100,0.01,0.033,1.13646	
8,1,1000,100,0.01,0.1,1.13984	
8,1,1000,100,0.01,0.33,1.13203	
8,1,1000,100,0.033,0.001,1.14427	
8,1,1000,100,0.033,0.0033,1.13203	
8,1,1000,100,0.033,0.01,1.13984	
8,1,1000,100,0.033,0.033,1.13203	
8,1,1000,100,0.033,0.1,1.13203	
8,1,1000,100,0.033,0.33,1.13203	
8,1,1000,100,0.1,0.001,1.13203	
8,1,1000,100,0.1,0.0033,1.13984	
8,1,1000,100,0.1,0.01,1.13984	
8,1,1000,100,0.1,0.033,1.13203	
8,1,1000,100,0.1,0.1,1.13984	
8,1,1000,100,0.1,0.33,1.13203	
8,1,1000,100,0.3,0.001,1.13203	
8,1,1000,100,0.3,0.0033,1.13203	
8,1,1000,100,0.3,0.01,1.13984	
8,1,1000,100,0.3,0.033,1.13984	
8,1,1000,100,0.3,0.1,1.13984	
8,1,1000,100,0.3,0.33,1.13203	
8,1,1000,100,0.9,0.001,1.13203	
8,1,1000,100,0.9,0.0033,1.13203	
8,1,1000,100,0.9,0.01,1.13984	
8,1,1000,100,0.9,0.033,1.13203	
8,1,1000,100,0.9,0.1,1.13203	
8,1,1000,100,0.9,0.33,1.1276	
8,1,1000,1000,0.01,0.001,1.14427	
8,1,1000,1000,0.01,0.0033,1.15208	
8,1,1000,1000,0.01,0.01,1.14427	
8,1,1000,1000,0.01,0.033,1.15208	
8,1,1000,1000,0.01,0.1,1.14427	
8,1,1000,1000,0.01,0.33,1.14427	
8,1,1000,1000,0.033,0.001,1.14427	
8,1,1000,1000,0.033,0.0033,1.14427	
8,1,1000,1000,0.033,0.01,1.14427	
8,1,1000,1000,0.033,0.033,1.14427	
8,1,1000,1000,0.033,0.1,1.14427	
8,1,1000,1000,0.033,0.33,1.14427	
8,1,1000,1000,0.1,0.001,1.13984	
8,1,1000,1000,0.1,0.0033,1.14427	
8,1,1000,1000,0.1,0.01,1.14427	
8,1,1000,1000,0.1,0.033,1.14427	
8,1,1000,1000,0.1,0.1,1.15208	
8,1,1000,1000,0.1,0.33,1.13984	
8,1,1000,1000,0.3,0.001,1.14427	
8,1,1000,1000,0.3,0.0033,1.13646	
8,1,1000,1000,0.3,0.01,1.14427	
8,1,1000,1000,0.3,0.033,1.13984	
8,1,1000,1000,0.3,0.1,1.13984	
8,1,1000,1000,0.3,0.33,1.13984	
8,1,1000,1000,0.9,0.001,1.14427	
8,1,1000,1000,0.9,0.0033,1.13984	
8,1,1000,1000,0.9,0.01,1.14427	
8,1,1000,1000,0.9,0.033,1.13646	
8,1,1000,1000,0.9,0.1,1.13984	
8,1,1000,1000,0.9,0.33,1.13984	
8,1,1000,33,0.01,0.001,1.13542	
8,1,1000,33,0.01,0.0033,1.14427	
8,1,1000,33,0.01,0.01,1.13646	
8,1,1000,33,0.01,0.033,1.13203	
8,1,1000,33,0.01,0.1,1.13203	
8,1,1000,33,0.01,0.33,1.13203	
8,1,1000,33,0.033,0.001,1.13203	
8,1,1000,33,0.033,0.0033,1.13203	
8,1,1000,33,0.033,0.01,1.13203	
8,1,1000,33,0.033,0.033,1.13646	
8,1,1000,33,0.033,0.1,1.1276	
8,1,1000,33,0.033,0.33,1.13203	
8,1,1000,33,0.1,0.001,1.13203	
8,1,1000,33,0.1,0.0033,1.13984	
8,1,1000,33,0.1,0.01,1.13203	
8,1,1000,33,0.1,0.033,1.13203	
8,1,1000,33,0.1,0.1,1.13203	
8,1,1000,33,0.1,0.33,1.1276	
8,1,1000,33,0.3,0.001,1.1276	
8,1,1000,33,0.3,0.0033,1.13203	
8,1,1000,33,0.3,0.01,1.1276	
8,1,1000,33,0.3,0.033,1.1276	
8,1,1000,33,0.3,0.1,1.1276	
8,1,1000,33,0.3,0.33,1.1276	
8,1,1000,33,0.9,0.001,1.13203	
8,1,1000,33,0.9,0.0033,1.13203	
8,1,1000,33,0.9,0.01,1.1276	
8,1,1000,33,0.9,0.033,1.1276	
8,1,1000,33,0.9,0.1,1.13203	
8,1,1000,33,0.9,0.33,1.1276	
8,1,1000,330,0.01,0.001,1.14427	
8,1,1000,330,0.01,0.0033,1.14427	
8,1,1000,330,0.01,0.01,1.14427	
8,1,1000,330,0.01,0.033,1.14427	
8,1,1000,330,0.01,0.1,1.14427	
8,1,1000,330,0.01,0.33,1.13984	
8,1,1000,330,0.033,0.001,1.13984	
8,1,1000,330,0.033,0.0033,1.13984	
8,1,1000,330,0.033,0.01,1.13984	
8,1,1000,330,0.033,0.033,1.13646	
8,1,1000,330,0.033,0.1,1.13984	
8,1,1000,330,0.033,0.33,1.13984	
8,1,1000,330,0.1,0.001,1.13984	
8,1,1000,330,0.1,0.0033,1.14427	
8,1,1000,330,0.1,0.01,1.13203	
8,1,1000,330,0.1,0.033,1.13984	
8,1,1000,330,0.1,0.1,1.13646	
8,1,1000,330,0.1,0.33,1.13203	
8,1,1000,330,0.3,0.001,1.13542	
8,1,1000,330,0.3,0.0033,1.13646	
8,1,1000,330,0.3,0.01,1.13203	
8,1,1000,330,0.3,0.033,1.14427	
8,1,1000,330,0.3,0.1,1.13984	
8,1,1000,330,0.3,0.33,1.13984	
8,1,1000,330,0.9,0.001,1.13646	
8,1,1000,330,0.9,0.0033,1.13542	
8,1,1000,330,0.9,0.01,1.14427	
8,1,1000,330,0.9,0.033,1.13984	
8,1,1000,330,0.9,0.1,1.13203	
8,1,1000,330,0.9,0.33,1.13203	
8,1,10000,100,0.01,0.001,1.15651	
8,1,10000,100,0.01,0.0033,1.15651	
8,1,10000,100,0.01,0.01,1.1487	
8,1,10000,100,0.01,0.033,1.13984	
8,1,10000,100,0.01,0.1,1.14427	
8,1,10000,100,0.01,0.33,1.14427	
8,1,10000,100,0.033,0.001,1.14427	
8,1,10000,100,0.033,0.0033,1.14427	
8,1,10000,100,0.033,0.01,1.14427	
8,1,10000,100,0.033,0.033,1.13984	
8,1,10000,100,0.033,0.1,1.13984	
8,1,10000,100,0.033,0.33,1.14427	
8,1,10000,100,0.1,0.001,1.14427	
8,1,10000,100,0.1,0.0033,1.13984	
8,1,10000,100,0.1,0.01,1.14427	
8,1,10000,100,0.1,0.033,1.13984	
8,1,10000,100,0.1,0.1,1.13984	
8,1,10000,100,0.1,0.33,1.13984	
8,1,10000,100,0.3,0.001,1.15208	
8,1,10000,100,0.3,0.0033,1.13984	
8,1,10000,100,0.3,0.01,1.13646	
8,1,10000,100,0.3,0.033,1.13984	
8,1,10000,100,0.3,0.1,1.13984	
8,1,10000,100,0.3,0.33,1.13984	
8,1,10000,100,0.9,0.001,1.13984	
8,1,10000,100,0.9,0.0033,1.13984	
8,1,10000,100,0.9,0.01,1.13984	
8,1,10000,100,0.9,0.033,1.13984	
8,1,10000,100,0.9,0.1,1.13984	
8,1,10000,100,0.9,0.33,1.13984	
8,1,10000,1000,0.01,0.001,1.15651	
8,1,10000,1000,0.01,0.0033,1.15208	
8,1,10000,1000,0.01,0.01,1.15208	
8,1,10000,1000,0.01,0.033,1.14427	
8,1,10000,1000,0.01,0.1,1.14427	
8,1,10000,1000,0.01,0.33,1.15651	
8,1,10000,1000,0.033,0.001,1.14427	
8,1,10000,1000,0.033,0.0033,1.15208	
8,1,10000,1000,0.033,0.01,1.14766	
8,1,10000,1000,0.033,0.033,1.14427	
8,1,10000,1000,0.033,0.1,1.14427	
8,1,10000,1000,0.033,0.33,1.14766	
8,1,10000,1000,0.1,0.001,1.14427	
8,1,10000,1000,0.1,0.0033,1.14427	
8,1,10000,1000,0.1,0.01,1.14427	
8,1,10000,1000,0.1,0.033,1.14427	
8,1,10000,1000,0.1,0.1,1.14427	
8,1,10000,1000,0.1,0.33,1.14427	
8,1,10000,1000,0.3,0.001,1.14427	
8,1,10000,1000,0.3,0.0033,1.14427	
8,1,10000,1000,0.3,0.01,1.14427	
8,1,10000,1000,0.3,0.033,1.14427	
8,1,10000,1000,0.3,0.1,1.14427	
8,1,10000,1000,0.3,0.33,1.14766	
8,1,10000,1000,0.9,0.001,1.14427	
8,1,10000,1000,0.9,0.0033,1.14427	
8,1,10000,1000,0.9,0.01,1.14427	
8,1,10000,1000,0.9,0.033,1.14427	
8,1,10000,1000,0.9,0.1,1.14427	
8,1,10000,1000,0.9,0.33,1.15208	
8,1,10000,33,0.01,0.001,1.14427	
8,1,10000,33,0.01,0.0033,1.13984	
8,1,10000,33,0.01,0.01,1.13984	
8,1,10000,33,0.01,0.033,1.14427	
8,1,10000,33,0.01,0.1,1.13542	
8,1,10000,33,0.01,0.33,1.13984	
8,1,10000,33,0.033,0.001,1.14427	
8,1,10000,33,0.033,0.0033,1.13984	
8,1,10000,33,0.033,0.01,1.13984	
8,1,10000,33,0.033,0.033,1.13984	
8,1,10000,33,0.033,0.1,1.13984	
8,1,10000,33,0.033,0.33,1.13984	
8,1,10000,33,0.1,0.001,1.13984	
8,1,10000,33,0.1,0.0033,1.13984	
8,1,10000,33,0.1,0.01,1.13984	
8,1,10000,33,0.1,0.033,1.13646	
8,1,10000,33,0.1,0.1,1.13646	
8,1,10000,33,0.1,0.33,1.14427	
8,1,10000,33,0.3,0.001,1.13984	
8,1,10000,33,0.3,0.0033,1.13984	
8,1,10000,33,0.3,0.01,1.13984	
8,1,10000,33,0.3,0.033,1.13203	
8,1,10000,33,0.3,0.1,1.13203	
8,1,10000,33,0.3,0.33,1.13203	
8,1,10000,33,0.9,0.001,1.13203	
8,1,10000,33,0.9,0.0033,1.13984	
8,1,10000,33,0.9,0.01,1.13646	
8,1,10000,33,0.9,0.033,1.13984	
8,1,10000,33,0.9,0.1,1.14427	
8,1,10000,33,0.9,0.33,1.13203	
8,1,10000,330,0.01,0.001,1.14427	
8,1,10000,330,0.01,0.0033,1.1487	
8,1,10000,330,0.01,0.01,1.14427	
8,1,10000,330,0.01,0.033,1.15208	
8,1,10000,330,0.01,0.1,1.14427	
8,1,10000,330,0.01,0.33,1.14427	
8,1,10000,330,0.033,0.001,1.14427	
8,1,10000,330,0.033,0.0033,1.14427	
8,1,10000,330,0.033,0.01,1.14427	
8,1,10000,330,0.033,0.033,1.14427	
8,1,10000,330,0.033,0.1,1.14427	
8,1,10000,330,0.033,0.33,1.14427	
8,1,10000,330,0.1,0.001,1.14427	
8,1,10000,330,0.1,0.0033,1.14427	
8,1,10000,330,0.1,0.01,1.14427	
8,1,10000,330,0.1,0.033,1.13984	
8,1,10000,330,0.1,0.1,1.14427	
8,1,10000,330,0.1,0.33,1.14427	
8,1,10000,330,0.3,0.001,1.14427	
8,1,10000,330,0.3,0.0033,1.14427	
8,1,10000,330,0.3,0.01,1.13984	
8,1,10000,330,0.3,0.033,1.14427	
8,1,10000,330,0.3,0.1,1.13984	
8,1,10000,330,0.3,0.33,1.14427	
8,1,10000,330,0.9,0.001,1.14427	
8,1,10000,330,0.9,0.0033,1.14427	
8,1,10000,330,0.9,0.01,1.13984	
8,1,10000,330,0.9,0.033,1.13984	
8,1,10000,330,0.9,0.1,1.13984	
8,1,10000,330,0.9,0.33,1.13984	
8,1,330,100,0.01,0.001,1.14427	
8,1,330,100,0.01,0.0033,1.13203	
8,1,330,100,0.01,0.01,1.14427	
8,1,330,100,0.01,0.033,1.13984	
8,1,330,100,0.01,0.1,1.14427	
8,1,330,100,0.01,0.33,1.14427	
8,1,330,100,0.033,0.001,1.13542	
8,1,330,100,0.033,0.0033,1.13203	
8,1,330,100,0.033,0.01,1.13646	
8,1,330,100,0.033,0.033,1.13203	
8,1,330,100,0.033,0.1,1.13203	
8,1,330,100,0.033,0.33,1.13984	
8,1,330,100,0.1,0.001,1.13203	
8,1,330,100,0.1,0.0033,1.13203	
8,1,330,100,0.1,0.01,1.13646	
8,1,330,100,0.1,0.033,1.1276	
8,1,330,100,0.1,0.1,1.1276	
8,1,330,100,0.1,0.33,1.13203	
8,1,330,100,0.3,0.001,1.13203	
8,1,330,100,0.3,0.0033,1.1276	
8,1,330,100,0.3,0.01,1.1276	
8,1,330,100,0.3,0.033,1.13984	
8,1,330,100,0.3,0.1,1.1276	
8,1,330,100,0.3,0.33,1.13984	
8,1,330,100,0.9,0.001,1.1276	
8,1,330,100,0.9,0.0033,1.13984	
8,1,330,100,0.9,0.01,1.1276	
8,1,330,100,0.9,0.033,1.13203	
8,1,330,100,0.9,0.1,1.1276	
8,1,330,100,0.9,0.33,1.1276	
8,1,330,1000,0.01,0.001,1.15208	
8,1,330,1000,0.01,0.0033,1.15208	
8,1,330,1000,0.01,0.01,1.14427	
8,1,330,1000,0.01,0.033,1.1487	
8,1,330,1000,0.01,0.1,1.14427	
8,1,330,1000,0.01,0.33,1.14427	
8,1,330,1000,0.033,0.001,1.13984	
8,1,330,1000,0.033,0.0033,1.14427	
8,1,330,1000,0.033,0.01,1.14427	
8,1,330,1000,0.033,0.033,1.14427	
8,1,330,1000,0.033,0.1,1.14427	
8,1,330,1000,0.033,0.33,1.13984	
8,1,330,1000,0.1,0.001,1.13542	
8,1,330,1000,0.1,0.0033,1.13646	
8,1,330,1000,0.1,0.01,1.13984	
8,1,330,1000,0.1,0.033,1.13984	
8,1,330,1000,0.1,0.1,1.13646	
8,1,330,1000,0.1,0.33,1.13984	
8,1,330,1000,0.3,0.001,1.13984	
8,1,330,1000,0.3,0.0033,1.13984	
8,1,330,1000,0.3,0.01,1.13646	
8,1,330,1000,0.3,0.033,1.13984	
8,1,330,1000,0.3,0.1,1.13203	
8,1,330,1000,0.3,0.33,1.13542	
8,1,330,1000,0.9,0.001,1.13646	
8,1,330,1000,0.9,0.0033,1.13984	
8,1,330,1000,0.9,0.01,1.13984	
8,1,330,1000,0.9,0.033,1.14427	
8,1,330,1000,0.9,0.1,1.13203	
8,1,330,1000,0.9,0.33,1.14427	
8,1,330,33,0.01,0.001,1.13203	
8,1,330,33,0.01,0.0033,1.13984	
8,1,330,33,0.01,0.01,1.13203	
8,1,330,33,0.01,0.033,1.13203	
8,1,330,33,0.01,0.1,1.1276	
8,1,330,33,0.01,0.33,1.13203	
8,1,330,33,0.033,0.001,1.13203	
8,1,330,33,0.033,0.0033,1.13203	
8,1,330,33,0.033,0.01,1.12318	
8,1,330,33,0.033,0.033,1.13203	
8,1,330,33,0.033,0.1,1.13203	
8,1,330,33,0.033,0.33,1.13203	
8,1,330,33,0.1,0.001,1.13203	
8,1,330,33,0.1,0.0033,1.12422	
8,1,330,33,0.1,0.01,1.1276	
8,1,330,33,0.1,0.033,1.14427	
8,1,330,33,0.1,0.1,1.13203	
8,1,330,33,0.1,0.33,1.1276	
8,1,330,33,0.3,0.001,1.1276	
8,1,330,33,0.3,0.0033,1.1276	
8,1,330,33,0.3,0.01,1.1276	
8,1,330,33,0.3,0.033,1.1276	
8,1,330,33,0.3,0.1,1.1276	
8,1,330,33,0.3,0.33,1.1276	
8,1,330,33,0.9,0.001,1.1276	
8,1,330,33,0.9,0.0033,1.1276	
8,1,330,33,0.9,0.01,1.13984	
8,1,330,33,0.9,0.033,1.12318	
8,1,330,33,0.9,0.1,1.12318	
8,1,330,33,0.9,0.33,1.1276	
8,1,330,330,0.01,0.001,1.14427	
8,1,330,330,0.01,0.0033,1.14427	
8,1,330,330,0.01,0.01,1.15208	
8,1,330,330,0.01,0.033,1.14427	
8,1,330,330,0.01,0.1,1.13984	
8,1,330,330,0.01,0.33,1.1487	
8,1,330,330,0.033,0.001,1.13203	
8,1,330,330,0.033,0.0033,1.13984	
8,1,330,330,0.033,0.01,1.13203	
8,1,330,330,0.033,0.033,1.13203	
8,1,330,330,0.033,0.1,1.13646	
8,1,330,330,0.033,0.33,1.13984	
8,1,330,330,0.1,0.001,1.13203	
8,1,330,330,0.1,0.0033,1.13203	
8,1,330,330,0.1,0.01,1.13203	
8,1,330,330,0.1,0.033,1.13203	
8,1,330,330,0.1,0.1,1.13646	
8,1,330,330,0.1,0.33,1.13984	
8,1,330,330,0.3,0.001,1.13984	
8,1,330,330,0.3,0.0033,1.13984	
8,1,330,330,0.3,0.01,1.13203	
8,1,330,330,0.3,0.033,1.13984	
8,1,330,330,0.3,0.1,1.13646	
8,1,330,330,0.3,0.33,1.13203	
8,1,330,330,0.9,0.001,1.14427	
8,1,330,330,0.9,0.0033,1.13203	
8,1,330,330,0.9,0.01,1.13984	
8,1,330,330,0.9,0.033,1.13203	
8,1,330,330,0.9,0.1,1.13203	
8,1,330,330,0.9,0.33,1.13984	
8,1,3300,100,0.01,0.001,1.13984	
8,1,3300,100,0.01,0.0033,1.14427	
8,1,3300,100,0.01,0.01,1.14427	
8,1,3300,100,0.01,0.033,1.14427	
8,1,3300,100,0.01,0.1,1.13203	
8,1,3300,100,0.01,0.33,1.14427	
8,1,3300,100,0.033,0.001,1.13984	
8,1,3300,100,0.033,0.0033,1.13984	
8,1,3300,100,0.033,0.01,1.13984	
8,1,3300,100,0.033,0.033,1.13984	
8,1,3300,100,0.033,0.1,1.14427	
8,1,3300,100,0.033,0.33,1.13984	
8,1,3300,100,0.1,0.001,1.14427	
8,1,3300,100,0.1,0.0033,1.13542	
8,1,3300,100,0.1,0.01,1.13984	
8,1,3300,100,0.1,0.033,1.13646	
8,1,3300,100,0.1,0.1,1.13646	
8,1,3300,100,0.1,0.33,1.13646	
8,1,3300,100,0.3,0.001,1.13203	
8,1,3300,100,0.3,0.0033,1.13984	
8,1,3300,100,0.3,0.01,1.13984	
8,1,3300,100,0.3,0.033,1.13203	
8,1,3300,100,0.3,0.1,1.13984	
8,1,3300,100,0.3,0.33,1.13984	
8,1,3300,100,0.9,0.001,1.13646	
8,1,3300,100,0.9,0.0033,1.13984	
8,1,3300,100,0.9,0.01,1.13984	
8,1,3300,100,0.9,0.033,1.13542	
8,1,3300,100,0.9,0.1,1.13203	
8,1,3300,100,0.9,0.33,1.13984	
8,1,3300,1000,0.01,0.001,1.15651	
8,1,3300,1000,0.01,0.0033,1.14427	
8,1,3300,1000,0.01,0.01,1.15208	
8,1,3300,1000,0.01,0.033,1.14427	
8,1,3300,1000,0.01,0.1,1.15208	
8,1,3300,1000,0.01,0.33,1.1487	
8,1,3300,1000,0.033,0.001,1.14427	
8,1,3300,1000,0.033,0.0033,1.14427	
8,1,3300,1000,0.033,0.01,1.14427	
8,1,3300,1000,0.033,0.033,1.14427	
8,1,3300,1000,0.033,0.1,1.15651	
8,1,3300,1000,0.033,0.33,1.14427	
8,1,3300,1000,0.1,0.001,1.13984	
8,1,3300,1000,0.1,0.0033,1.14427	
8,1,3300,1000,0.1,0.01,1.14427	
8,1,3300,1000,0.1,0.033,1.14427	
8,1,3300,1000,0.1,0.1,1.13984	
8,1,3300,1000,0.1,0.33,1.14427	
8,1,3300,1000,0.3,0.001,1.13984	
8,1,3300,1000,0.3,0.0033,1.13984	
8,1,3300,1000,0.3,0.01,1.14427	
8,1,3300,1000,0.3,0.033,1.14427	
8,1,3300,1000,0.3,0.1,1.15208	
8,1,3300,1000,0.3,0.33,1.14427	
8,1,3300,1000,0.9,0.001,1.14427	
8,1,3300,1000,0.9,0.0033,1.14427	
8,1,3300,1000,0.9,0.01,1.13984	
8,1,3300,1000,0.9,0.033,1.14427	
8,1,3300,1000,0.9,0.1,1.13984	
8,1,3300,1000,0.9,0.33,1.13984	
8,1,3300,33,0.01,0.001,1.13984	
8,1,3300,33,0.01,0.0033,1.13984	
8,1,3300,33,0.01,0.01,1.13984	
8,1,3300,33,0.01,0.033,1.13203	
8,1,3300,33,0.01,0.1,1.14427	
8,1,3300,33,0.01,0.33,1.13984	
8,1,3300,33,0.033,0.001,1.13542	
8,1,3300,33,0.033,0.0033,1.13203	
8,1,3300,33,0.033,0.01,1.13203	
8,1,3300,33,0.033,0.033,1.13984	
8,1,3300,33,0.033,0.1,1.13984	
8,1,3300,33,0.033,0.33,1.13203	
8,1,3300,33,0.1,0.001,1.13984	
8,1,3300,33,0.1,0.0033,1.13646	
8,1,3300,33,0.1,0.01,1.13646	
8,1,3300,33,0.1,0.033,1.13203	
8,1,3300,33,0.1,0.1,1.13984	
8,1,3300,33,0.1,0.33,1.13984	
8,1,3300,33,0.3,0.001,1.13984	
8,1,3300,33,0.3,0.0033,1.13984	
8,1,3300,33,0.3,0.01,1.13203	
8,1,3300,33,0.3,0.033,1.13984	
8,1,3300,33,0.3,0.1,1.13203	
8,1,3300,33,0.3,0.33,1.13984	
8,1,3300,33,0.9,0.001,1.13984	
8,1,3300,33,0.9,0.0033,1.13203	
8,1,3300,33,0.9,0.01,1.13203	
8,1,3300,33,0.9,0.033,1.13203	
8,1,3300,33,0.9,0.1,1.13203	
8,1,3300,33,0.9,0.33,1.13203	
8,1,3300,330,0.01,0.001,1.15208	
8,1,3300,330,0.01,0.0033,1.14427	
8,1,3300,330,0.01,0.01,1.14427	
8,1,3300,330,0.01,0.033,1.1487	
8,1,3300,330,0.01,0.1,1.14427	
8,1,3300,330,0.01,0.33,1.14427	
8,1,3300,330,0.033,0.001,1.14427	
8,1,3300,330,0.033,0.0033,1.14427	
8,1,3300,330,0.033,0.01,1.13984	
8,1,3300,330,0.033,0.033,1.14427	
8,1,3300,330,0.033,0.1,1.14427	
8,1,3300,330,0.033,0.33,1.13984	
8,1,3300,330,0.1,0.001,1.13984	
8,1,3300,330,0.1,0.0033,1.13984	
8,1,3300,330,0.1,0.01,1.14427	
8,1,3300,330,0.1,0.033,1.15208	
8,1,3300,330,0.1,0.1,1.14427	
8,1,3300,330,0.1,0.33,1.13984	
8,1,3300,330,0.3,0.001,1.13984	
8,1,3300,330,0.3,0.0033,1.14427	
8,1,3300,330,0.3,0.01,1.13984	
8,1,3300,330,0.3,0.033,1.13984	
8,1,3300,330,0.3,0.1,1.13984	
8,1,3300,330,0.3,0.33,1.14427	
8,1,3300,330,0.9,0.001,1.13984	
8,1,3300,330,0.9,0.0033,1.13984	
8,1,3300,330,0.9,0.01,1.13984	
8,1,3300,330,0.9,0.033,1.13984	
8,1,3300,330,0.9,0.1,1.13984	
8,1,3300,330,0.9,0.33,1.13984	
8,1,33000,100,0.01,0.001,1.14427	
8,1,33000,100,0.01,0.0033,1.15208	
8,1,33000,100,0.01,0.01,1.15208	
8,1,33000,100,0.01,0.033,1.14427	
8,1,33000,100,0.01,0.1,1.14427	
8,1,33000,100,0.01,0.33,1.14427	
8,1,33000,100,0.033,0.001,1.15208	
8,1,33000,100,0.033,0.0033,1.14427	
8,1,33000,100,0.033,0.01,1.13984	
8,1,33000,100,0.033,0.033,1.1487	
8,1,33000,100,0.033,0.1,1.14427	
8,1,33000,100,0.033,0.33,1.14427	
8,1,33000,100,0.1,0.001,1.14427	
8,1,33000,100,0.1,0.0033,1.14427	
8,1,33000,100,0.1,0.01,1.14427	
8,1,33000,100,0.1,0.033,1.14427	
8,1,33000,100,0.1,0.1,1.14427	
8,1,33000,100,0.1,0.33,1.14427	
8,1,33000,100,0.3,0.001,1.14427	
8,1,33000,100,0.3,0.0033,1.13984	
8,1,33000,100,0.3,0.01,1.14427	
8,1,33000,100,0.3,0.033,1.14427	
8,1,33000,100,0.3,0.1,1.14427	
8,1,33000,100,0.3,0.33,1.14427	
8,1,33000,100,0.9,0.001,1.14427	
8,1,33000,100,0.9,0.0033,1.13984	
8,1,33000,100,0.9,0.01,1.14427	
8,1,33000,100,0.9,0.033,1.13984	
8,1,33000,100,0.9,0.1,1.14427	
8,1,33000,100,0.9,0.33,1.13984	
8,1,33000,33,0.01,0.001,1.14427	
8,1,33000,33,0.01,0.0033,1.13984	
8,1,33000,33,0.01,0.01,1.13984	
8,1,33000,33,0.01,0.033,1.14427	
8,1,33000,33,0.01,0.1,1.13984	
8,1,33000,33,0.01,0.33,1.13984	
8,1,33000,33,0.033,0.001,1.13984	
8,1,33000,33,0.033,0.0033,1.13984	
8,1,33000,33,0.033,0.01,1.14427	
8,1,33000,33,0.033,0.033,1.14427	
8,1,33000,33,0.033,0.1,1.13984	
8,1,33000,33,0.033,0.33,1.14427	
8,1,33000,33,0.1,0.001,1.13984	
8,1,33000,33,0.1,0.0033,1.14427	
8,1,33000,33,0.1,0.01,1.14427	
8,1,33000,33,0.1,0.033,1.14427	
8,1,33000,33,0.1,0.1,1.13984	
8,1,33000,33,0.1,0.33,1.14427	
8,1,33000,33,0.3,0.001,1.13984	
8,1,33000,33,0.3,0.0033,1.14427	
8,1,33000,33,0.3,0.01,1.14427	
8,1,33000,33,0.3,0.033,1.14427	
8,1,33000,33,0.3,0.1,1.13984	
8,1,33000,33,0.3,0.33,1.14427	
8,1,33000,33,0.9,0.001,1.13984	
8,1,33000,33,0.9,0.0033,1.14427	
8,1,33000,33,0.9,0.01,1.13646	
8,1,33000,33,0.9,0.033,1.13984	
8,1,33000,33,0.9,0.1,1.13984	
8,1,33000,33,0.9,0.33,1.13984	
8,1,33000,330,0.9,0.33,1.14427	
9,1,100,100,0.01,0.001,1.16308	
9,1,100,100,0.01,0.0033,1.16916	
9,1,100,100,0.01,0.01,1.16916	
9,1,100,100,0.01,0.033,1.16526	
9,1,100,100,0.01,0.1,1.16526	
9,1,100,100,0.01,0.33,1.16526	
9,1,100,100,0.033,0.001,1.16308	
9,1,100,100,0.033,0.0033,1.15699	
9,1,100,100,0.033,0.01,1.15917	
9,1,100,100,0.033,0.033,1.16308	
9,1,100,100,0.033,0.1,1.15917	
9,1,100,100,0.033,0.33,1.16308	
9,1,100,100,0.1,0.001,1.16308	
9,1,100,100,0.1,0.0033,1.15744	
9,1,100,100,0.1,0.01,1.15917	
9,1,100,100,0.1,0.033,1.15744	
9,1,100,100,0.1,0.1,1.15699	
9,1,100,100,0.1,0.33,1.15699	
9,1,100,100,0.3,0.001,1.16308	
9,1,100,100,0.3,0.0033,1.15699	
9,1,100,100,0.3,0.01,1.15699	
9,1,100,100,0.3,0.033,1.16308	
9,1,100,100,0.3,0.1,1.15481	
9,1,100,100,0.3,0.33,1.1609	
9,1,100,100,0.9,0.001,1.15699	
9,1,100,100,0.9,0.0033,1.15699	
9,1,100,100,0.9,0.01,1.15917	
9,1,100,100,0.9,0.033,1.16526	
9,1,100,100,0.9,0.1,1.15699	
9,1,100,100,0.9,0.33,1.15481	
9,1,100,1000,0.01,0.001,1.17307	
9,1,100,1000,0.01,0.0033,1.16916	
9,1,100,1000,0.01,0.01,1.16916	
9,1,100,1000,0.01,0.033,1.17307	
9,1,100,1000,0.01,0.1,1.17698	
9,1,100,1000,0.01,0.33,1.17743	
9,1,100,1000,0.033,0.001,1.16698	
9,1,100,1000,0.033,0.0033,1.16308	
9,1,100,1000,0.033,0.01,1.16916	
9,1,100,1000,0.033,0.033,1.17134	
9,1,100,1000,0.033,0.1,1.16916	
9,1,100,1000,0.033,0.33,1.16308	
9,1,100,1000,0.1,0.001,1.16526	
9,1,100,1000,0.1,0.0033,1.16308	
9,1,100,1000,0.1,0.01,1.1609	
9,1,100,1000,0.1,0.033,1.1609	
9,1,100,1000,0.1,0.1,1.1609	
9,1,100,1000,0.1,0.33,1.16698	
9,1,100,1000,0.3,0.001,1.16308	
9,1,100,1000,0.3,0.0033,1.15917	
9,1,100,1000,0.3,0.01,1.16135	
9,1,100,1000,0.3,0.033,1.1609	
9,1,100,1000,0.3,0.1,1.1609	
9,1,100,1000,0.3,0.33,1.16308	
9,1,100,1000,0.9,0.001,1.16308	
9,1,100,1000,0.9,0.0033,1.16308	
9,1,100,1000,0.9,0.01,1.16308	
9,1,100,1000,0.9,0.033,1.1609	
9,1,100,1000,0.9,0.1,1.16308	
9,1,100,1000,0.9,0.33,1.16308	
9,1,100,33,0.01,0.001,1.15309	
9,1,100,33,0.01,0.0033,1.15309	
9,1,100,33,0.01,0.01,1.15527	
9,1,100,33,0.01,0.033,1.16135	
9,1,100,33,0.01,0.1,1.1609	
9,1,100,33,0.01,0.33,1.15699	
9,1,100,33,0.033,0.001,1.1609	
9,1,100,33,0.033,0.0033,1.15699	
9,1,100,33,0.033,0.01,1.15917	
9,1,100,33,0.033,0.033,1.15744	
9,1,100,33,0.033,0.1,1.15481	
9,1,100,33,0.033,0.33,1.1609	
9,1,100,33,0.1,0.001,1.15917	
9,1,100,33,0.1,0.0033,1.15309	
9,1,100,33,0.1,0.01,1.15699	
9,1,100,33,0.1,0.033,1.16308	
9,1,100,33,0.1,0.1,1.15699	
9,1,100,33,0.1,0.33,1.15309	
9,1,100,33,0.3,0.001,1.15309	
9,1,100,33,0.3,0.0033,1.15699	
9,1,100,33,0.3,0.01,1.15263	
9,1,100,33,0.3,0.033,1.15527	
9,1,100,33,0.3,0.1,1.16135	
9,1,100,33,0.3,0.33,1.15309	
9,1,100,33,0.9,0.001,1.15481	
9,1,100,33,0.9,0.0033,1.15481	
9,1,100,33,0.9,0.01,1.15263	
9,1,100,33,0.9,0.033,1.15699	
9,1,100,33,0.9,0.1,1.15917	
9,1,100,33,0.9,0.33,1.15699	
9,1,100,330,0.01,0.001,1.16916	
9,1,100,330,0.01,0.0033,1.16916	
9,1,100,330,0.01,0.01,1.16526	
9,1,100,330,0.01,0.033,1.16916	
9,1,100,330,0.01,0.1,1.16308	
9,1,100,330,0.01,0.33,1.16916	
9,1,100,330,0.033,0.001,1.16526	
9,1,100,330,0.033,0.0033,1.16526	
9,1,100,330,0.033,0.01,1.16308	
9,1,100,330,0.033,0.033,1.16481	
9,1,100,330,0.033,0.1,1.16916	
9,1,100,330,0.033,0.33,1.16308	
9,1,100,330,0.1,0.001,1.1609	
9,1,100,330,0.1,0.0033,1.16526	
9,1,100,330,0.1,0.01,1.16308	
9,1,100,330,0.1,0.033,1.15917	
9,1,100,330,0.1,0.1,1.15699	
9,1,100,330,0.1,0.33,1.1609	
9,1,100,330,0.3,0.001,1.15744	
9,1,100,330,0.3,0.0033,1.15917	
9,1,100,330,0.3,0.01,1.16308	
9,1,100,330,0.3,0.033,1.16698	
9,1,100,330,0.3,0.1,1.16135	
9,1,100,330,0.3,0.33,1.1609	
9,1,100,330,0.9,0.001,1.15917	
9,1,100,330,0.9,0.0033,1.15917	
9,1,100,330,0.9,0.01,1.15699	
9,1,100,330,0.9,0.033,1.15699	
9,1,100,330,0.9,0.1,1.1609	
9,1,100,330,0.9,0.33,1.16526	
9,1,1000,100,0.01,0.001,1.16308	
9,1,1000,100,0.01,0.0033,1.16526	
9,1,1000,100,0.01,0.01,1.17134	
9,1,1000,100,0.01,0.033,1.16698	
9,1,1000,100,0.01,0.1,1.16916	
9,1,1000,100,0.01,0.33,1.16916	
9,1,1000,100,0.033,0.001,1.1609	
9,1,1000,100,0.033,0.0033,1.16481	
9,1,1000,100,0.033,0.01,1.16526	
9,1,1000,100,0.033,0.033,1.16308	
9,1,1000,100,0.033,0.1,1.16308	
9,1,1000,100,0.033,0.33,1.16526	
9,1,1000,100,0.1,0.001,1.16308	
9,1,1000,100,0.1,0.0033,1.16481	
9,1,1000,100,0.1,0.01,1.1609	
9,1,1000,100,0.1,0.033,1.16916	
9,1,1000,100,0.1,0.1,1.15917	
9,1,1000,100,0.1,0.33,1.16308	
9,1,1000,100,0.3,0.001,1.16135	
9,1,1000,100,0.3,0.0033,1.16526	
9,1,1000,100,0.3,0.01,1.16526	
9,1,1000,100,0.3,0.033,1.16308	
9,1,1000,100,0.3,0.1,1.16481	
9,1,1000,100,0.3,0.33,1.1609	
9,1,1000,100,0.9,0.001,1.16308	
9,1,1000,100,0.9,0.0033,1.16308	
9,1,1000,100,0.9,0.01,1.16526	
9,1,1000,100,0.9,0.033,1.16308	
9,1,1000,100,0.9,0.1,1.1609	
9,1,1000,100,0.9,0.33,1.16308	
9,1,1000,1000,0.01,0.001,1.17307	
9,1,1000,1000,0.01,0.0033,1.18133	
9,1,1000,1000,0.01,0.01,1.17525	
9,1,1000,1000,0.01,0.033,1.18133	
9,1,1000,1000,0.01,0.1,1.17743	
9,1,1000,1000,0.01,0.33,1.17307	
9,1,1000,1000,0.033,0.001,1.16916	
9,1,1000,1000,0.033,0.0033,1.16698	
9,1,1000,1000,0.033,0.01,1.16744	
9,1,1000,1000,0.033,0.033,1.16916	
9,1,1000,1000,0.033,0.1,1.16916	
9,1,1000,1000,0.033,0.33,1.16698	
9,1,1000,1000,0.1,0.001,1.16698	
9,1,1000,1000,0.1,0.0033,1.16744	
9,1,1000,1000,0.1,0.01,1.16308	
9,1,1000,1000,0.1,0.033,1.16698	
9,1,1000,1000,0.1,0.1,1.16526	
9,1,1000,1000,0.1,0.33,1.16526	
9,1,1000,1000,0.3,0.001,1.16698	
9,1,1000,1000,0.3,0.0033,1.16308	
9,1,1000,1000,0.3,0.01,1.16526	
9,1,1000,1000,0.3,0.033,1.16353	
9,1,1000,1000,0.3,0.1,1.16744	
9,1,1000,1000,0.3,0.33,1.16916	
9,1,1000,1000,0.9,0.001,1.16698	
9,1,1000,1000,0.9,0.0033,1.16698	
9,1,1000,1000,0.9,0.01,1.16698	
9,1,1000,1000,0.9,0.033,1.16308	
9,1,1000,1000,0.9,0.1,1.16916	
9,1,1000,1000,0.9,0.33,1.16698	
9,1,1000,33,0.01,0.001,1.16526	
9,1,1000,33,0.01,0.0033,1.16308	
9,1,1000,33,0.01,0.01,1.16308	
9,1,1000,33,0.01,0.033,1.16308	
9,1,1000,33,0.01,0.1,1.1609	
9,1,1000,33,0.01,0.33,1.1609	
9,1,1000,33,0.033,0.001,1.1609	
9,1,1000,33,0.033,0.0033,1.15872	
9,1,1000,33,0.033,0.01,1.16526	
9,1,1000,33,0.033,0.033,1.1609	
9,1,1000,33,0.033,0.1,1.16308	
9,1,1000,33,0.033,0.33,1.16481	
9,1,1000,33,0.1,0.001,1.15917	
9,1,1000,33,0.1,0.0033,1.15872	
9,1,1000,33,0.1,0.01,1.15917	
9,1,1000,33,0.1,0.033,1.16526	
9,1,1000,33,0.1,0.1,1.16698	
9,1,1000,33,0.1,0.33,1.15917	
9,1,1000,33,0.3,0.001,1.16308	
9,1,1000,33,0.3,0.0033,1.15699	
9,1,1000,33,0.3,0.01,1.1609	
9,1,1000,33,0.3,0.033,1.15917	
9,1,1000,33,0.3,0.1,1.16308	
9,1,1000,33,0.3,0.33,1.1609	
9,1,1000,33,0.9,0.001,1.16308	
9,1,1000,33,0.9,0.0033,1.1609	
9,1,1000,33,0.9,0.01,1.15917	
9,1,1000,33,0.9,0.033,1.1609	
9,1,1000,33,0.9,0.1,1.1609	
9,1,1000,33,0.9,0.33,1.1609	
9,1,1000,330,0.01,0.001,1.16916	
9,1,1000,330,0.01,0.0033,1.17134	
9,1,1000,330,0.01,0.01,1.17134	
9,1,1000,330,0.01,0.033,1.16698	
9,1,1000,330,0.01,0.1,1.16916	
9,1,1000,330,0.01,0.33,1.17915	
9,1,1000,330,0.033,0.001,1.16526	
9,1,1000,330,0.033,0.0033,1.17134	
9,1,1000,330,0.033,0.01,1.16526	
9,1,1000,330,0.033,0.033,1.16526	
9,1,1000,330,0.033,0.1,1.16526	
9,1,1000,330,0.033,0.33,1.16698	
9,1,1000,330,0.1,0.001,1.16916	
9,1,1000,330,0.1,0.0033,1.16698	
9,1,1000,330,0.1,0.01,1.16526	
9,1,1000,330,0.1,0.033,1.16308	
9,1,1000,330,0.1,0.1,1.16526	
9,1,1000,330,0.1,0.33,1.16481	
9,1,1000,330,0.3,0.001,1.16526	
9,1,1000,330,0.3,0.0033,1.16698	
9,1,1000,330,0.3,0.01,1.16916	
9,1,1000,330,0.3,0.033,1.16698	
9,1,1000,330,0.3,0.1,1.16481	
9,1,1000,330,0.3,0.33,1.16526	
9,1,1000,330,0.9,0.001,1.16308	
9,1,1000,330,0.9,0.0033,1.16481	
9,1,1000,330,0.9,0.01,1.16526	
9,1,1000,330,0.9,0.033,1.16526	
9,1,1000,330,0.9,0.1,1.16526	
9,1,1000,330,0.9,0.33,1.16526	
9,1,10000,100,0.01,0.001,1.17134	
9,1,10000,100,0.01,0.0033,1.17525	
9,1,10000,100,0.01,0.01,1.17307	
9,1,10000,100,0.01,0.033,1.17525	
9,1,10000,100,0.01,0.1,1.17307	
9,1,10000,100,0.01,0.33,1.16916	
9,1,10000,100,0.033,0.001,1.16698	
9,1,10000,100,0.033,0.0033,1.16526	
9,1,10000,100,0.033,0.01,1.16526	
9,1,10000,100,0.033,0.033,1.16698	
9,1,10000,100,0.033,0.1,1.16916	
9,1,10000,100,0.033,0.33,1.16698	
9,1,10000,100,0.1,0.001,1.16916	
9,1,10000,100,0.1,0.0033,1.16698	
9,1,10000,100,0.1,0.01,1.16916	
9,1,10000,100,0.1,0.033,1.16698	
9,1,10000,100,0.1,0.1,1.16916	
9,1,10000,100,0.1,0.33,1.16698	
9,1,10000,100,0.3,0.001,1.16526	
9,1,10000,100,0.3,0.0033,1.16526	
9,1,10000,100,0.3,0.01,1.16698	
9,1,10000,100,0.3,0.033,1.16526	
9,1,10000,100,0.3,0.1,1.16698	
9,1,10000,100,0.3,0.33,1.16744	
9,1,10000,100,0.9,0.001,1.16698	
9,1,10000,100,0.9,0.0033,1.16698	
9,1,10000,100,0.9,0.01,1.16744	
9,1,10000,100,0.9,0.033,1.16308	
9,1,10000,100,0.9,0.1,1.16916	
9,1,10000,100,0.9,0.33,1.16308	
9,1,10000,1000,0.9,0.1,1.17134	
9,1,10000,1000,0.9,0.33,1.17307	
9,1,10000,33,0.01,0.001,1.16526	
9,1,10000,33,0.01,0.0033,1.16916	
9,1,10000,33,0.01,0.01,1.16916	
9,1,10000,33,0.01,0.033,1.16744	
9,1,10000,33,0.01,0.1,1.16308	
9,1,10000,33,0.01,0.33,1.16308	
9,1,10000,33,0.033,0.001,1.16916	
9,1,10000,33,0.033,0.0033,1.1609	
9,1,10000,33,0.033,0.01,1.16526	
9,1,10000,33,0.033,0.033,1.16526	
9,1,10000,33,0.033,0.1,1.16526	
9,1,10000,33,0.033,0.33,1.16308	
9,1,10000,33,0.1,0.001,1.16135	
9,1,10000,33,0.1,0.0033,1.16308	
9,1,10000,33,0.1,0.01,1.16308	
9,1,10000,33,0.1,0.033,1.16526	
9,1,10000,33,0.1,0.1,1.16526	
9,1,10000,33,0.1,0.33,1.16698	
9,1,10000,33,0.3,0.001,1.16698	
9,1,10000,33,0.3,0.0033,1.16526	
9,1,10000,33,0.3,0.01,1.16481	
9,1,10000,33,0.3,0.033,1.16308	
9,1,10000,33,0.3,0.1,1.16308	
9,1,10000,33,0.3,0.33,1.16308	
9,1,10000,33,0.9,0.001,1.16526	
9,1,10000,33,0.9,0.0033,1.16526	
9,1,10000,33,0.9,0.01,1.16308	
9,1,10000,33,0.9,0.033,1.16526	
9,1,10000,33,0.9,0.1,1.16308	
9,1,10000,33,0.9,0.33,1.16916	
9,1,10000,330,0.01,0.001,1.17525	
9,1,10000,330,0.01,0.0033,1.16744	
9,1,10000,330,0.01,0.01,1.17307	
9,1,10000,330,0.01,0.033,1.17134	
9,1,10000,330,0.01,0.1,1.17307	
9,1,10000,330,0.01,0.33,1.16916	
9,1,10000,330,0.033,0.001,1.16916	
9,1,10000,330,0.033,0.0033,1.17134	
9,1,10000,330,0.033,0.01,1.16916	
9,1,10000,330,0.033,0.033,1.16916	
9,1,10000,330,0.033,0.1,1.16916	
9,1,10000,330,0.033,0.33,1.16916	
9,1,10000,330,0.1,0.001,1.16698	
9,1,10000,330,0.1,0.0033,1.17134	
9,1,10000,330,0.1,0.01,1.17134	
9,1,10000,330,0.1,0.033,1.16916	
9,1,10000,330,0.1,0.1,1.16698	
9,1,10000,330,0.1,0.33,1.16916	
9,1,10000,330,0.3,0.001,1.17307	
9,1,10000,330,0.3,0.0033,1.16916	
9,1,10000,330,0.3,0.01,1.16698	
9,1,10000,330,0.3,0.033,1.16698	
9,1,10000,330,0.3,0.1,1.16916	
9,1,10000,330,0.3,0.33,1.16916	
9,1,10000,330,0.9,0.001,1.16916	
9,1,10000,330,0.9,0.0033,1.16916	
9,1,10000,330,0.9,0.01,1.16916	
9,1,10000,330,0.9,0.033,1.16744	
9,1,10000,330,0.9,0.1,1.17307	
9,1,10000,330,0.9,0.33,1.16916	
9,1,330,100,0.01,0.001,1.16308	
9,1,330,100,0.01,0.0033,1.16916	
9,1,330,100,0.01,0.01,1.16308	
9,1,330,100,0.01,0.033,1.16308	
9,1,330,100,0.01,0.1,1.17134	
9,1,330,100,0.01,0.33,1.16308	
9,1,330,100,0.033,0.001,1.1609	
9,1,330,100,0.033,0.0033,1.16308	
9,1,330,100,0.033,0.01,1.15917	
9,1,330,100,0.033,0.033,1.16698	
9,1,330,100,0.033,0.1,1.16308	
9,1,330,100,0.033,0.33,1.15917	
9,1,330,100,0.1,0.001,1.16308	
9,1,330,100,0.1,0.0033,1.16526	
9,1,330,100,0.1,0.01,1.16308	
9,1,330,100,0.1,0.033,1.16308	
9,1,330,100,0.1,0.1,1.15699	
9,1,330,100,0.1,0.33,1.16916	
9,1,330,100,0.3,0.001,1.15917	
9,1,330,100,0.3,0.0033,1.16308	
9,1,330,100,0.3,0.01,1.1609	
9,1,330,100,0.3,0.033,1.15917	
9,1,330,100,0.3,0.1,1.15917	
9,1,330,100,0.3,0.33,1.15917	
9,1,330,100,0.9,0.001,1.15917	
9,1,330,100,0.9,0.0033,1.15917	
9,1,330,100,0.9,0.01,1.1609	
9,1,330,100,0.9,0.033,1.16135	
9,1,330,100,0.9,0.1,1.1609	
9,1,330,100,0.9,0.33,1.15917	
9,1,330,1000,0.01,0.001,1.16916	
9,1,330,1000,0.01,0.0033,1.17743	
9,1,330,1000,0.01,0.01,1.17525	
9,1,330,1000,0.01,0.033,1.17915	
9,1,330,1000,0.01,0.1,1.17743	
9,1,330,1000,0.01,0.33,1.17525	
9,1,330,1000,0.033,0.001,1.17352	
9,1,330,1000,0.033,0.0033,1.16916	
9,1,330,1000,0.033,0.01,1.16698	
9,1,330,1000,0.033,0.033,1.16526	
9,1,330,1000,0.033,0.1,1.16916	
9,1,330,1000,0.033,0.33,1.16526	
9,1,330,1000,0.1,0.001,1.16526	
9,1,330,1000,0.1,0.0033,1.16526	
9,1,330,1000,0.1,0.01,1.16526	
9,1,330,1000,0.1,0.033,1.16916	
9,1,330,1000,0.1,0.1,1.16308	
9,1,330,1000,0.1,0.33,1.16353	
9,1,330,1000,0.3,0.001,1.16308	
9,1,330,1000,0.3,0.0033,1.16526	
9,1,330,1000,0.3,0.01,1.16526	
9,1,330,1000,0.3,0.033,1.16308	
9,1,330,1000,0.3,0.1,1.16308	
9,1,330,1000,0.3,0.33,1.16308	
9,1,330,1000,0.9,0.001,1.16526	
9,1,330,1000,0.9,0.0033,1.16308	
9,1,330,1000,0.9,0.01,1.16135	
9,1,330,1000,0.9,0.033,1.16308	
9,1,330,1000,0.9,0.1,1.16916	
9,1,330,1000,0.9,0.33,1.16916	
9,1,330,33,0.01,0.001,1.15917	
9,1,330,33,0.01,0.0033,1.1609	
9,1,330,33,0.01,0.01,1.1609	
9,1,330,33,0.01,0.033,1.16308	
9,1,330,33,0.01,0.1,1.15744	
9,1,330,33,0.01,0.33,1.15917	
9,1,330,33,0.033,0.001,1.16308	
9,1,330,33,0.033,0.0033,1.16308	
9,1,330,33,0.033,0.01,1.16308	
9,1,330,33,0.033,0.033,1.15917	
9,1,330,33,0.033,0.1,1.15699	
9,1,330,33,0.033,0.33,1.15699	
9,1,330,33,0.1,0.001,1.15917	
9,1,330,33,0.1,0.0033,1.16308	
9,1,330,33,0.1,0.01,1.15699	
9,1,330,33,0.1,0.033,1.15917	
9,1,330,33,0.1,0.1,1.15917	
9,1,330,33,0.1,0.33,1.15699	
9,1,330,33,0.3,0.001,1.15699	
9,1,330,33,0.3,0.0033,1.15699	
9,1,330,33,0.3,0.01,1.16308	
9,1,330,33,0.3,0.033,1.15527	
9,1,330,33,0.3,0.1,1.1609	
9,1,330,33,0.3,0.33,1.15917	
9,1,330,33,0.9,0.001,1.1609	
9,1,330,33,0.9,0.0033,1.15699	
9,1,330,33,0.9,0.01,1.15917	
9,1,330,33,0.9,0.033,1.16308	
9,1,330,33,0.9,0.1,1.15699	
9,1,330,33,0.9,0.33,1.15699	
9,1,330,330,0.01,0.001,1.17307	
9,1,330,330,0.01,0.0033,1.16308	
9,1,330,330,0.01,0.01,1.16526	
9,1,330,330,0.01,0.033,1.16308	
9,1,330,330,0.01,0.1,1.16744	
9,1,330,330,0.01,0.33,1.17525	
9,1,330,330,0.033,0.001,1.16916	
9,1,330,330,0.033,0.0033,1.16916	
9,1,330,330,0.033,0.01,1.16698	
9,1,330,330,0.033,0.033,1.16698	
9,1,330,330,0.033,0.1,1.16308	
9,1,330,330,0.033,0.33,1.16308	
9,1,330,330,0.1,0.001,1.16308	
9,1,330,330,0.1,0.0033,1.16308	
9,1,330,330,0.1,0.01,1.1609	
9,1,330,330,0.1,0.033,1.16481	
9,1,330,330,0.1,0.1,1.16526	
9,1,330,330,0.1,0.33,1.16308	
9,1,330,330,0.3,0.001,1.16308	
9,1,330,330,0.3,0.0033,1.16916	
9,1,330,330,0.3,0.01,1.16526	
9,1,330,330,0.3,0.033,1.16526	
9,1,330,330,0.3,0.1,1.1609	
9,1,330,330,0.3,0.33,1.1609	
9,1,330,330,0.9,0.001,1.16526	
9,1,330,330,0.9,0.0033,1.16526	
9,1,330,330,0.9,0.01,1.16135	
9,1,330,330,0.9,0.033,1.1609	
9,1,330,330,0.9,0.1,1.16308	
9,1,330,330,0.9,0.33,1.16308	
9,1,3300,100,0.01,0.001,1.16698	
9,1,3300,100,0.01,0.0033,1.16526	
9,1,3300,100,0.01,0.01,1.16698	
9,1,3300,100,0.01,0.033,1.16916	
9,1,3300,100,0.01,0.1,1.16698	
9,1,3300,100,0.01,0.33,1.16916	
9,1,3300,100,0.033,0.001,1.16698	
9,1,3300,100,0.033,0.0033,1.16698	
9,1,3300,100,0.033,0.01,1.16526	
9,1,3300,100,0.033,0.033,1.16916	
9,1,3300,100,0.033,0.1,1.16698	
9,1,3300,100,0.033,0.33,1.16526	
9,1,3300,100,0.1,0.001,1.16308	
9,1,3300,100,0.1,0.0033,1.16308	
9,1,3300,100,0.1,0.01,1.16698	
9,1,3300,100,0.1,0.033,1.16526	
9,1,3300,100,0.1,0.1,1.16698	
9,1,3300,100,0.1,0.33,1.16308	
9,1,3300,100,0.3,0.001,1.16308	
9,1,3300,100,0.3,0.0033,1.16135	
9,1,3300,100,0.3,0.01,1.16526	
9,1,3300,100,0.3,0.033,1.16526	
9,1,3300,100,0.3,0.1,1.16744	
9,1,3300,100,0.3,0.33,1.16308	
9,1,3300,100,0.9,0.001,1.16526	
9,1,3300,100,0.9,0.0033,1.16526	
9,1,3300,100,0.9,0.01,1.16308	
9,1,3300,100,0.9,0.033,1.16744	
9,1,3300,100,0.9,0.1,1.16135	
9,1,3300,100,0.9,0.33,1.16698	
9,1,3300,1000,0.01,0.001,1.16916	
9,1,3300,1000,0.01,0.0033,1.17525	
9,1,3300,1000,0.01,0.01,1.17915	
9,1,3300,1000,0.01,0.033,1.17525	
9,1,3300,1000,0.01,0.1,1.17307	
9,1,3300,1000,0.01,0.33,1.17525	
9,1,3300,1000,0.033,0.001,1.17134	
9,1,3300,1000,0.033,0.0033,1.17134	
9,1,3300,1000,0.033,0.01,1.16916	
9,1,3300,1000,0.033,0.033,1.16916	
9,1,3300,1000,0.033,0.1,1.16916	
9,1,3300,1000,0.033,0.33,1.16526	
9,1,3300,1000,0.1,0.001,1.16744	
9,1,3300,1000,0.1,0.0033,1.17134	
9,1,3300,1000,0.1,0.01,1.16916	
9,1,3300,1000,0.1,0.033,1.16744	
9,1,3300,1000,0.1,0.1,1.16916	
9,1,3300,1000,0.1,0.33,1.16916	
9,1,3300,1000,0.3,0.001,1.16916	
9,1,3300,1000,0.3,0.0033,1.16916	
9,1,3300,1000,0.3,0.01,1.16916	
9,1,3300,1000,0.3,0.033,1.16526	
9,1,3300,1000,0.3,0.1,1.16698	
9,1,3300,1000,0.3,0.33,1.16916	
9,1,3300,1000,0.9,0.001,1.16916	
9,1,3300,1000,0.9,0.0033,1.17134	
9,1,3300,1000,0.9,0.01,1.17307	
9,1,3300,1000,0.9,0.033,1.16916	
9,1,3300,1000,0.9,0.1,1.16916	
9,1,3300,1000,0.9,0.33,1.17134	
9,1,3300,33,0.01,0.001,1.16916	
9,1,3300,33,0.01,0.0033,1.16308	
9,1,3300,33,0.01,0.01,1.16698	
9,1,3300,33,0.01,0.033,1.17134	
9,1,3300,33,0.01,0.1,1.16526	
9,1,3300,33,0.01,0.33,1.16916	
9,1,3300,33,0.033,0.001,1.16308	
9,1,3300,33,0.033,0.0033,1.1609	
9,1,3300,33,0.033,0.01,1.16308	
9,1,3300,33,0.033,0.033,1.16916	
9,1,3300,33,0.033,0.1,1.16308	
9,1,3300,33,0.033,0.33,1.16308	
9,1,3300,33,0.1,0.001,1.16308	
9,1,3300,33,0.1,0.0033,1.16308	
9,1,3300,33,0.1,0.01,1.16698	
9,1,3300,33,0.1,0.033,1.16308	
9,1,3300,33,0.1,0.1,1.16308	
9,1,3300,33,0.1,0.33,1.16308	
9,1,3300,33,0.3,0.001,1.16526	
9,1,3300,33,0.3,0.0033,1.1609	
9,1,3300,33,0.3,0.01,1.16308	
9,1,3300,33,0.3,0.033,1.16308	
9,1,3300,33,0.3,0.1,1.1609	
9,1,3300,33,0.3,0.33,1.16744	
9,1,3300,33,0.9,0.001,1.16308	
9,1,3300,33,0.9,0.0033,1.16698	
9,1,3300,33,0.9,0.01,1.15917	
9,1,3300,33,0.9,0.033,1.16308	
9,1,3300,33,0.9,0.1,1.17089	
9,1,3300,33,0.9,0.33,1.16526	
9,1,3300,330,0.01,0.001,1.16698	
9,1,3300,330,0.01,0.0033,1.16698	
9,1,3300,330,0.01,0.01,1.16916	
9,1,3300,330,0.01,0.033,1.17525	
9,1,3300,330,0.01,0.1,1.16698	
9,1,3300,330,0.01,0.33,1.17134	
9,1,3300,330,0.033,0.001,1.16526	
9,1,3300,330,0.033,0.0033,1.16526	
9,1,3300,330,0.033,0.01,1.16308	
9,1,3300,330,0.033,0.033,1.16916	
9,1,3300,330,0.033,0.1,1.16698	
9,1,3300,330,0.033,0.33,1.16698	
9,1,3300,330,0.1,0.001,1.16744	
9,1,3300,330,0.1,0.0033,1.16916	
9,1,3300,330,0.1,0.01,1.16698	
9,1,3300,330,0.1,0.033,1.16526	
9,1,3300,330,0.1,0.1,1.16526	
9,1,3300,330,0.1,0.33,1.16916	
9,1,3300,330,0.3,0.001,1.17134	
9,1,3300,330,0.3,0.0033,1.16526	
9,1,3300,330,0.3,0.01,1.16526	
9,1,3300,330,0.3,0.033,1.16526	
9,1,3300,330,0.3,0.1,1.16698	
9,1,3300,330,0.3,0.33,1.16526	
9,1,3300,330,0.9,0.001,1.16526	
9,1,3300,330,0.9,0.0033,1.16526	
9,1,3300,330,0.9,0.01,1.16698	
9,1,3300,330,0.9,0.033,1.17307	
9,1,3300,330,0.9,0.1,1.17134	
9,1,3300,330,0.9,0.33,1.16698	
